time,vpos
0,25.45056631259018
3600,25.94944416367323
7200,26.57532194352472
10800,26.81548526907508
14400,27.00115029851265
18000,27.136543972387194
21600,27.444687046814998
25200,28.039321851082526
28800,14.173778276205217
32400,-0.04345207820141252
36000,-0.045755086672110604
