time,vpos
3600,26.444509981293233
7200,26.539961025509314
10800,26.72624098101525
14400,26.914506258904026
18000,27.179473277196358
21600,27.60861120921173
25200,28.084872593605926
28800,14.150193805419454
32400,-0.01581228662806112
36000,-0.015537839183907297
39600,0.0014098080490640343
