time,vpos
36000,-0.13462152902414676
39600,-0.10446746441834573
43200,-0.026660138190392774
46800,0.06428689583106986
50400,0.11995506974210995
54000,0.08591296224748017
57600,0.061339269247114456
61200,-0.006285929625372225
64800,-0.07816642698222631
68400,-0.03587603488864801
72000,-0.011173160316695768
