time,vpos
39600,-0.04406467169405931
43200,-0.028138103058104533
46800,0.008615427229730077
50400,0.03750802870643346
54000,0.023458081338137145
57600,0.023464574711768577
61200,-0.0015845358523071482
64800,-0.047670025295172946
68400,-0.006525217684092213
72000,0.03854127033745911
75600,0.04354865243589093
