time,vpos
43200,0.020038091285799406
46800,0.008680626702096267
50400,-0.009438547597749678
54000,-0.026118442713131018
57600,-1.5602392808723026e-06
61200,0.014057409230871391
64800,-0.05157056258749003
68400,-0.03762603935389469
72000,0.054093852854440655
75600,0.075902432262901
79200,0.06358751611204636
