time,vpos
54000,0.022500644789341315
57600,0.027641006034223505
61200,-0.01759797139475718
64800,-0.07782812387266738
68400,-0.053047921239053164
72000,0.0019270318967614958
75600,0.025251230804930035
79200,0.021888753055331577
82800,0.010142625476770948
86400,0.001941149734971696
90000,-0.0008569383878808019
