time,vpos
57600,-0.11687955505151182
61200,-0.04558582502529919
64800,-0.004644616164713915
68400,-0.01632920072683762
72000,0.024734046535089926
75600,0.04317043443500801
79200,0.023144215792239988
82800,-0.008454897282605955
86400,-0.029547220868276006
90000,-0.04287998971807121
93600,-0.0506522521727801
