time,vpos
61200,-0.11983814507997362
64800,-0.05187791447144683
68400,-0.02803560867843018
72000,-0.03399717798220174
75600,0.030594127436401556
79200,0.055239670474591086
82800,0.034714538659780185
86400,-0.00459967827611458
90000,-0.03529057228266294
93600,-0.0424214680706774
97200,-0.03943996184190253
