time,vpos
64800,-0.06012365615790851
68400,-0.052695874561037
72000,-0.06528053392173684
75600,-0.03940845065239584
79200,0.03593572401745376
82800,0.06366699704376264
86400,0.04090504426095681
90000,-0.0017212617590162127
93600,-0.03440870684246495
97200,-0.04083388215739632
100800,-0.036164343042674546
