time,vpos
68400,-0.004911348575248678
72000,-0.05418208919427362
75600,-0.08209891668264654
79200,-0.008193534304800493
82800,0.06456279410300629
86400,0.0664026688948496
90000,0.03554718646945092
93600,-0.01698670576001848
97200,-0.06000039768778165
100800,-0.055007936793707295
104400,-0.047045178144709904
