time,vpos
72000,-0.004901465391643489
75600,-0.08123764622744202
79200,-0.09483319622629821
82800,0.02555956942844771
86400,0.09483906760011931
90000,0.08250578610044473
93600,0.022594226599722145
97200,-0.03889447887605053
100800,-0.07303496855274567
104400,-0.06928137730268444
108000,-0.05692508720452072
