time,vpos
75600,-0.0004872526880091155
79200,-0.07796801287227195
82800,-0.09596553232584411
86400,0.019910774412697056
90000,0.09033985751812736
93600,0.08201339184124933
97200,0.024045664475966406
100800,-0.042788293961765894
104400,-0.08180664317565395
108000,-0.06070064010471879
111600,-0.031805001666802835
