time,vpos
82800,14.515367955617586
86400,14.583799185708617
90000,14.65007388174426
93600,14.662700940292977
97200,14.727659406591794
100800,14.846768826000762
104400,14.972491467810695
108000,15.07809764293206
111600,15.30110507436359
115200,7.738642126230087
118800,0.00198982569074033
