time,vpos
90000,9.175123410273454
93600,9.194492933886314
97200,9.251376560180438
100800,9.314573849263526
104400,9.367507227618528
108000,9.436734319243383
111600,9.5605351280754
115200,-45.1788204813787
118800,-99.99999999999541
122400,-99.9999999999979
126000,-99.9999999999981
