time,vpos
97200,4.77338050941131
100800,4.788638378002087
104400,4.819125471284121
108000,4.853704989018742
111600,4.913652631212992
115200,-47.52287500981801
118800,-99.99999999999893
122400,-99.99999999999898
126000,-99.99999999999997
129600,-99.99999999998353
133200,-99.99999999996709
