time,vpos
104400,3.7948344758225088
108000,3.809933152294921
111600,3.8569418817285497
115200,-48.055574032653205
118800,-99.99999999999274
122400,-99.99999999995806
126000,-99.99999999996211
129600,-99.9999999999959
133200,-96.83302106098715
136800,-82.09311289400145
140400,-70.52018366602294
