time,vpos
10800,26.80233856653984
14400,26.893181898774422
18000,27.157372667556302
21600,27.613687264382957
25200,28.111967885279153
28800,14.206242182742388
32400,0.07429295872049134
36000,0.06889977306300289
39600,0.06710004466664803
43200,0.04619062021086262
46800,0.032597799362218
