time,vpos
108000,3.638082675584843
111600,3.6683170161184666
115200,-48.15072432166853
118800,-99.99999999999453
122400,-99.99999999999977
126000,-99.999999999998
129600,-99.99999999998185
133200,-96.74647466629371
136800,-79.76312908494832
140400,-53.468186460930845
144000,-40.90306408458514
