time,vpos
118800,-99.9999999999922
122400,-99.99999999998654
126000,-99.99999999998141
129600,-99.9999999999709
133200,-96.77597119709284
136800,-79.64397343797596
140400,-49.929917713818284
144000,-17.060498492346177
147600,0.0014648942437547256
151200,-0.0013578218526893717
154800,-0.0028114709747632982
