time,vpos
122400,-99.99999999999524
126000,-99.99999999999616
129600,-99.99999999999372
133200,-96.78469263220997
136800,-79.73015427552352
140400,-50.132210867471606
144000,-17.188418183588393
147600,-0.0013455393312965178
151200,-0.0004784763223471526
154800,-0.0011739520672216716
158400,-0.0007441113013131926
