time,vpos
129600,-99.99999999999265
133200,-99.99999999999628
136800,-82.8289060110646
140400,-49.90880813721384
144000,-17.079440600129374
147600,0.0013707398548197577
151200,0.001116180937030748
154800,0.00046797379874573963
158400,0.00020092765032831406
162000,-0.00024131725092270108
165600,-0.00036247640903386524
