time,vpos
133200,-100.0
136800,-100.0
140400,-66.19480275004518
144000,-16.19523023594345
147600,-0.0007859544531939048
151200,-0.0007008937330538702
154800,-0.001003838412362366
158400,0.00018140559482122216
162000,0.00019327955572329318
165600,-0.000599303467325202
169200,0.0001004716120333365
