time,vpos
140400,-32.48534615151949
144000,-16.2243002463018
147600,-0.18012170734776112
151200,-0.24276074549631355
154800,0.003588193187653625
158400,0.00430617317965357
162000,0.0948946811550335
165600,0.23488113288869542
169200,0.2870485654950698
172800,0.27028538841558725
176400,0.15935009191114158
