time,vpos
144000,-0.04953864871790306
147600,-0.056887787199388536
151200,-0.06916101549426501
154800,-0.08399323124825783
158400,-0.0862978396940885
162000,-0.0667760257538436
165600,-0.0628570919586403
169200,-0.04804904656850389
172800,-0.009283365250355679
176400,0.008394257128907007
180000,0.01011360623042833
