time,vpos
154800,-0.035303131855056416
158400,-0.048326254717456364
162000,-0.0669264952166054
165600,-0.05857732929008331
169200,-0.011698011114361388
172800,-0.028328908201705572
176400,-0.06766424060585428
180000,-0.039410555124852635
183600,-0.011200812594378343
187200,-0.0003868245760227948
190800,0.0002225070972138878
