time,vpos
158400,-0.07007444050446643
162000,-0.08365245856062964
165600,-0.10177614492229552
169200,-0.08405911241039195
172800,-0.06654525485310887
176400,-0.10252301373969294
180000,-0.11488705049970527
183600,-0.05731682672104465
187200,-0.06657130794138637
190800,-0.04057989043248706
194400,0.03337135320896601
