time,vpos
162000,-0.05849079034601517
165600,-0.07107704737220746
169200,-0.08420296341133879
172800,-0.04874746373875265
176400,-0.04741486423020418
180000,-0.09503100899414084
183600,-0.09573211651333559
187200,-0.06990820523557328
190800,-0.04621268739205893
194400,-0.02571555485596553
198000,-0.015342506953389363
