time,vpos
165600,-0.008412657685198882
169200,0.0021820834116033057
172800,0.03284910187677276
176400,0.02575974026188241
180000,-0.0008856895853815553
183600,-0.01228644564309464
187200,-0.030469998391247997
190800,-0.019292480242787558
194400,0.001810086030471785
198000,0.033194451470407844
201600,0.060920356339991634
