time,vpos
169200,-0.18143667969565744
172800,-0.09852955016959447
176400,0.039320679742130354
180000,0.09512161879171777
183600,0.07237245873540023
187200,-0.0062808180496611715
190800,-0.04917781427471301
194400,-0.04070754928558844
198000,-0.06245587399066167
201600,-0.01191147572909175
205200,0.05670223038690952
