time,vpos
172800,-7.9157851664549295
176400,-7.938494023529275
180000,-7.983654479296051
183600,-8.029157342607204
187200,-8.075737762780024
190800,-8.122487579686085
194400,-8.168826443041871
198000,-8.217717044399967
201600,-54.12174472187481
205200,-99.99999999999764
208800,-99.9999999999999
