time,vpos
18000,27.254948917793122
21600,27.651405902939004
25200,28.154852042187724
28800,14.217950562569085
32400,0.2767540832082798
36000,0.22677418672304755
39600,-0.002091672893883632
43200,-0.10212548444022171
46800,-0.12204226363165249
50400,-0.09798421331402883
54000,-0.07785138658028647
