time,vpos
180000,-23.916948009767445
183600,-23.983028902135345
187200,-24.12316908768937
190800,-24.266963696649885
194400,-24.40483787416387
198000,-24.544411194444848
201600,-62.30792282648952
205200,-99.99999999999638
208800,-99.99999999999231
212400,-99.99999999999233
216000,-100.0
