time,vpos
183600,-34.22906563794791
187200,-34.32794725970162
190800,-34.52653362795204
194400,-34.72449401100508
198000,-34.93007592747016
201600,-67.51870110368908
205200,-99.9999999999978
208800,-99.99999999999565
212400,-99.99999999999638
216000,-99.99999999998963
219600,-99.99999999998145
