time,vpos
198000,-80.55338021551908
201600,-90.27669010771231
205200,-99.9999999999524
208800,-99.99999999999369
212400,-99.99999999999369
216000,-99.99999999996196
219600,-96.20717362723454
223200,-84.67780474091789
226800,-68.76387996850002
230400,-30.293194852907856
234000,0.00010800389297368892
