time,vpos
201600,-99.99999999999793
205200,-99.99999999999893
208800,-99.99999999999694
212400,-99.99999999999662
216000,-99.99999999999874
219600,-96.22043243385075
223200,-84.47512959829795
226800,-67.10196925964529
230400,-28.847048142489072
234000,0.0003709958861683205
237600,0.00029408635247456656
