time,vpos
212400,-99.99999999977405
216000,-99.99999999983899
219600,-96.26174510445279
223200,-84.52437534669896
226800,-66.31804047861277
230400,-28.05645992596689
234000,-0.003401539666342114
237600,0.0007085714724901174
241200,0.002804013455223874
244800,0.0015922648498707206
248400,0.003697345962423281
