time,vpos
216000,-99.99999983802556
219600,-99.99999991901278
223200,-88.2911459214322
226800,-66.101208455007
230400,-26.104408114338124
234000,3.4717198711745207
237600,3.5898950003216576
241200,1.824065542946256
244800,8.031295564355e-05
248400,0.0007644766834738486
252000,0.0018403165805542263
