time,vpos
219600,-100.0
223200,-100.0
226800,-77.55807824416895
230400,-27.55805754956216
234000,-3.8244081224516454e-05
237600,-1.4880093702023235e-05
241200,-0.00021307435620239394
244800,-0.00040953167786184807
248400,-0.000496336318834599
252000,-0.00021398411904792816
255600,0.0002599069449124816
