time,vpos
226800,-99.99999999997907
230400,-50.00003197413873
234000,-0.0006155707583153902
237600,-0.0004271670788163902
241200,0.0002945405822551508
244800,-0.00017281949100486237
248400,0.00017626962505719635
252000,-6.209986592608624e-05
255600,-0.0003587493981656488
259200,0.0003811012715322531
