time,vpos
25200,28.420140447439955
28800,14.193139510505404
32400,-0.01873587295591981
36000,-0.011700384444225187
39600,-0.003665984139321278
43200,0.03025780937521669
46800,0.04948293889525357
50400,0.026778435439350334
54000,-0.04047718410638795
57600,-0.04017046375165024
61200,0.003261571420986112
