time,vpos
28800,-0.14530185276776525
32400,-0.11296932276118601
36000,-0.06795388530240615
39600,-0.006145202448015841
43200,0.09431379778643167
46800,0.1638352350531854
50400,0.13256764239750235
54000,-0.06275285425715402
57600,-0.08125293164594768
61200,-0.045080863305695884
64800,-0.13627340914112782
