RExt,occheff,shgc,tmass
4.0,2.0836995296486704,4.608961327935981,50.0
