tmass,shgc,occheff,RExt
1.0,0.46089613279359815,0.6334798118594682,1.0
