tmass,shgc,occheff,RExt,Tve,Vi,maxHeat,maxVent
50.0,4.608961327935981,2.0836995296486704,4.0,21.0,486.5,2689.0,4800.0
