time,vpos
0,-38.59949127292218
3600,-19.294694103592835
7200,0.010103065736502548
