time,vpos
3600,-13.689015897741651
7200,-9.086788133566555
10800,-4.484560369391459
