time,vpos
36000,1.3145173419780214
39600,0.7388449837598369
43200,0.16317262554165238
