time,vpos
39600,5.624119283895701
43200,2.580657810664341
46800,-0.46280366256701894
