time,vpos
43200,2.6384883300431103
46800,3.6901750186107347
50400,4.741861707178359
