time,vpos
46800,-8.868587721838628e-06
50400,2.3713766179048497
54000,4.742762104397421
