time,vpos
50400,-0.001737848063059715
54000,2.38298535996575
57600,4.76770856799456
