time,vpos
54000,4.17446268079301
57600,2.1037648207946478
61200,0.033066960796286245
