time,vpos
57600,1.3110581961652684e-06
61200,2.0253932788739937e-06
64800,2.739728361582719e-06
