time,vpos
61200,-50.79834484042475
64800,-22.195832240285636
68400,6.40668035985348
