time,vpos
64800,0.5119112315010957
68400,0.2559835628176542
72000,5.589413421259391e-05
