time,vpos
68400,-49.847842370567285
72000,-41.49997959275217
75600,-33.15211681493705
