time,vpos
7200,-0.08872419425316434
10800,-3.5668946511358475
14400,-7.04506510801853
