time,vpos
72000,-0.0692522342518052
75600,11.562282198052992
79200,23.193816630357787
