time,vpos
75600,0.0013991168267890597
79200,-2.81012578821409
82800,-5.62165069325497
