time,vpos
79200,0.02016763695553668
82800,-9.048776990560913
86400,-18.117721618077365
