time,vpos
82800,-22.866495186768777
86400,-11.473615293533827
90000,-0.08073540029887971
