time,vpos
86400,-7.402477449626421
90000,-3.702457443247302
93600,-0.002437436868182874
