time,vpos
90000,0.0007006262831224606
93600,-0.0003933786889135792
97200,-0.001487383660949619
