time,vpos
93600,-10.693280846984504
97200,-6.1047050486064505
100800,-1.5161292502283985
