time,vpos
97200,-3.7395511278680846
100800,-1.8693329131925385
104400,0.0008853014830076042
