time,vpos
100800,-0.04114265559057289
104400,-0.9468126623466175
108000,-1.852482669102662
