time,vpos
104400,-0.08475663918333445
108000,0.007116744522342282
111600,0.09899012822801902
