time,vpos
10800,-0.07180776329806195
14400,0.01840473561351291
18000,0.10861723452508776
