time,vpos
108000,99.9999999998328
111600,99.99999999989062
115200,99.99999999994844
