time,vpos
111600,99.99999999995872
115200,49.99662307318857
118800,-0.006753853581563213
