time,vpos
115200,-34.265858154578325
118800,-41.04031389391848
122400,-47.81476963325863
