time,vpos
118800,-100.0
122400,-99.99999999999997
126000,-99.99999999999996
