time,vpos
122400,-100.0
126000,-99.99999999998789
129600,-99.99999999997578
