time,vpos
126000,-99.99999999999602
129600,-99.99999999997814
133200,-99.9999999999603
