time,vpos
129600,-100.0
133200,-99.99426111504653
136800,-99.98852223009305
