time,vpos
133200,-99.97697465627373
136800,-99.98848453616344
140400,-99.99999441605316
