time,vpos
136800,-99.99999999999999
140400,-99.99956344410381
144000,-99.99912688820764
