time,vpos
140400,-99.99999800973353
144000,-50.000011690743506
147600,-2.5371753469903597e-05
