time,vpos
14400,0.00018027114721298754
18000,-3.6029993883016553
21600,-7.206179047750523
