time,vpos
144000,-99.99999952323897
147600,-50.00010852959117
151200,-0.00021753594336089465
