time,vpos
147600,-99.92177974484444
151200,-71.90888245810173
154800,-43.89598517135902
