time,vpos
151200,-78.72770932479783
154800,-49.1212417835553
158400,-19.51477424231277
