time,vpos
154800,0.3998327270669325
158400,0.25963820219837574
162000,0.11944367732981898
