time,vpos
158400,-1.5620731468566185
162000,-18.626042218126976
165600,-35.69001128939733
