time,vpos
162000,-99.99999805117643
165600,-46.555458310734245
169200,6.889081429707944
