time,vpos
165600,0.00602300981880096
169200,-7.149645432011884
172800,-14.305313873842568
