time,vpos
169200,2.315937062693195e-05
172800,4.047696800060004e-05
176400,5.7794565374268136e-05
