time,vpos
172800,0.046684632606616594
176400,0.023258201202121843
180000,-0.00016823020237290533
