time,vpos
176400,-39.13073424183037
180000,-29.99942317810735
183600,-20.86811211438433
