time,vpos
18000,-0.11799024160957948
21600,-7.66331158381022
25200,-15.208632926010859
