time,vpos
180000,-18.488230652185454
183600,-6.654471850364753
187200,5.179286951455946
