time,vpos
183600,-16.846003479818776
187200,-13.83446777739099
190800,-10.822932074963209
