time,vpos
187200,0.12935173988920573
190800,-0.022828946907815492
194400,-0.17500963370483671
