time,vpos
190800,-11.332282178172687
194400,-10.822591376106274
198000,-10.312900574039864
