time,vpos
194400,99.99999597466105
198000,99.99999619938407
201600,99.9999964241071
