time,vpos
198000,99.99999833562708
201600,0.019139272280527253
205200,-99.96171979106603
