time,vpos
201600,-22.413877374590392
205200,-61.20676641575618
208800,-99.99965545692196
