time,vpos
205200,-99.9999999999877
208800,-99.99999999999385
212400,-100.0
