time,vpos
212400,-100.0
216000,-99.99999999990587
219600,-99.99999999981173
