time,vpos
21600,99.99986515745317
25200,99.99993211608071
28800,99.99999907470824
