time,vpos
216000,-100.0
219600,-99.99999870231159
223200,-99.99999740462317
