time,vpos
219600,-99.99999999987635
223200,-50.00002973913512
226800,-5.947839388962001e-05
