time,vpos
223200,-99.99999999999898
226800,-99.9999999996653
230400,-99.99999999933166
