time,vpos
226800,-99.99999293687522
230400,-74.46307946682532
234000,-48.92616599677543
