time,vpos
230400,-99.99999151898116
234000,-50.000575582089134
237600,-0.0011596451971074284
