time,vpos
234000,-99.9999999970278
237600,-57.66431022743039
241200,-15.32862045783299
