time,vpos
237600,-99.99998999963044
241200,-96.41316797184241
244800,-92.8263459440544
