time,vpos
241200,-99.99999685363541
244800,-99.99999497132112
248400,-99.99999308900682
