time,vpos
244800,-99.99999955901897
248400,-99.9999984891235
252000,-99.99999741922802
