time,vpos
248400,-100.0
252000,-99.99999948549025
255600,-99.99999897098051
