time,vpos
25200,99.99999896506009
28800,99.97222577832076
32400,99.94445259158144
