time,vpos
252000,-99.99999852031735
255600,-99.89700563957209
259200,-99.79401275882684
