time,vpos
255600,-5.740858531610993e-06
259200,-5.740858531610993e-06
