time,vpos
28800,-27.314387046949047
32400,6.014386370027047
36000,39.34315978700314
