time,vpos
32400,-0.6097530715089718
36000,-0.30484080078160825
39600,7.14699457553692e-05
