time,vpos
0,16.10437267905288
3600,3.201940313404408
7200,34.35971381732155
10800,89.10218148182598
14400,99.64257039136584
18000,99.75029870413292
21600,99.99936503109532
25200,51.27768843198295
28800,2.5565467040742456
