time,vpos
36000,-13.088569874094363
39600,-13.143776278691208
43200,-13.26379405069249
46800,-13.364771233350279
50400,-8.962614766368116
54000,-3.2951388351547144
57600,-0.2325263301662538
61200,0.9444838864820563
64800,0.28803524711979256
