time,vpos
43200,40.08731141595155
46800,52.12158470357572
50400,10.600763332317658
54000,-33.902721756833266
57600,2.5462744662265058
61200,16.174857942398347
64800,6.437217285221508
68400,4.622743976135688
72000,-1.2228918529299244
