time,vpos
64800,-99.99999999996379
68400,-68.8581913071541
72000,-68.8581913071722
75600,-54.65975705886118
79200,-9.307684528253601
82800,-10.45657263167833
86400,-7.114962340270495
90000,3.7694970574792515
93600,10.151628470927673
