time,vpos
7200,-3.41464841963978
10800,-22.041163655241863
14400,18.49493210660595
18000,47.707568957371286
21600,24.732124861192155
25200,41.94232225987179
28800,14.591558459189995
32400,-4.853722672057033
36000,13.287427345551922
