time,vpos
72000,-55.70754311945757
75600,-47.74430856588374
79200,-18.55968492003342
82800,9.770819999973419
86400,11.236710880841558
90000,8.144435219858979
93600,4.219576548633657
97200,-1.3078204930857706
100800,-0.3594095777002575
