time,vpos
75600,-22.629295241040037
79200,-3.3497888944874488
82800,8.675639992876173
86400,12.842717074614724
90000,15.714005223940951
93600,7.114360517532453
97200,3.490360999317054
100800,1.3160598254455071
104400,2.7159798549821503
