time,vpos
82800,33.08576746715048
86400,24.690483293717207
90000,14.965825038972962
93600,13.141418674615116
97200,8.041563976816201
100800,5.544343390015029
104400,3.3245688085983827
108000,-7.869278247655795
111600,-14.73574889454246
