time,vpos
90000,28.289256596984703
93600,53.076078425117586
97200,84.26825684178634
100800,40.07768718468469
104400,38.91036872373791
108000,92.5357436367043
111600,96.88063648499565
115200,57.45086811233121
118800,17.872974019651043
