time,vpos
97200,13.796108121300666
100800,13.84164812159706
104400,13.938011586017426
108000,8.446717473074356
111600,12.74642383276325
115200,-38.70587611524041
118800,-99.99999999998211
122400,-99.99999999998211
126000,-99.99999999999999
