time,vpos
100800,1.8368619055584747
104400,2.3036081994427144
108000,2.9161378904426667
111600,1.1418010197889252
115200,-50.38915962399027
118800,-100.0
122400,-99.99999999997875
126000,-99.99999999995744
129600,-99.99999999995734
