time,vpos
104400,15.527213397490131
108000,8.267181682880413
111600,13.839590231085042
115200,-36.66398475304183
118800,-99.99999999993014
122400,-99.99999999993861
126000,-99.9999999999788
129600,-99.9999999999788
133200,-100.0
