time,vpos
10800,-44.74601218713483
14400,-23.966450822370224
18000,20.69616919455562
21600,42.340014651324296
25200,69.5263952393062
28800,54.55470650623888
32400,-11.386473599744734
36000,-12.002690734834346
39600,8.924989719617882
