time,vpos
108000,95.26601953744776
111600,89.04137693603175
115200,-8.591632832690587
118800,-99.99999999999845
122400,-99.99999999977112
126000,-99.99999999974672
129600,-99.99999999997453
133200,-49.99966375915338
136800,0.0006724816911376133
