time,vpos
118800,-99.99999999998339
122400,-99.99999999999132
126000,-99.9999999999996
129600,-99.99999999999996
133200,-93.73299810224567
136800,-71.70214237466838
140400,-42.12004656774122
144000,-14.150883234563436
147600,3.8121510161357315e-05
