time,vpos
122400,-99.99999999999997
126000,-99.99999999999997
129600,-99.99999999996443
133200,-96.23597440051368
136800,-76.23939505471589
140400,-43.92028035283009
144000,-13.874659202288841
147600,-0.13644093001170068
151200,-0.3572828527726164
