time,vpos
129600,-99.99999999987584
133200,-99.99999999993791
136800,-80.24824617025648
140400,-44.182101329225034
144000,-19.157201104637956
147600,-19.531704347279984
151200,-14.267874725550774
154800,0.3584784226000756
158400,0.6359894930805371
