time,vpos
136800,-99.99999999997151
140400,-66.47504491135604
144000,-16.306649756657666
147600,-0.10075792214998092
151200,0.6928131326646391
154800,1.2752473612357043
158400,-1.9968808563126006
162000,-4.370460041577739
165600,-4.120596067113333
