time,vpos
140400,-99.9999999142369
144000,-28.35747857450434
147600,-16.205928332533336
151200,-54.48820471614795
154800,24.720805178115835
158400,27.58860212312585
162000,0.501714266379541
165600,3.4603564155671047
169200,-21.626631813605837
