time,vpos
144000,-97.38689059875571
147600,-97.68324427129362
151200,-98.252083676486
154800,-98.8078674362764
158400,-99.3739494978247
162000,-99.82836676611852
165600,-49.809388022930925
169200,0.42445557870343886
172800,0.4676872032687333
