time,vpos
147600,-89.8295975576938
151200,-90.08724925786353
154800,-90.60417223631174
158400,-91.12468351216079
162000,-91.64363676214361
165600,-92.17013010415795
169200,-47.383971402587534
172800,0.8099648451516703
176400,3.948962301718386
