time,vpos
165600,-47.50364077387734
169200,-47.46160514596766
172800,-47.52369996278769
176400,-48.030366615001604
180000,-24.600163801474167
183600,-2.0659180862463695
187200,-1.4031141258238875
190800,0.13663946048061146
194400,-0.28490421942121863
