time,vpos
169200,-39.74739270464508
172800,-38.62352128521636
176400,-37.215509737126524
180000,-29.584416026998706
183600,-8.682617442692026
187200,2.0799862209260866
190800,1.1503157329802365
194400,1.4624381602221395
198000,-0.08801026381198268
