time,vpos
172800,70.64848355489278
176400,79.26012037927667
180000,79.66846103691493
183600,77.14460546718807
187200,83.06103151317168
190800,83.53659113648683
194400,84.0169986126937
198000,80.27087920303101
201600,76.28292649151179
