time,vpos
176400,80.03940693974516
180000,80.25830273386126
183600,80.63343283598469
187200,81.05261075179983
190800,81.52418529523821
194400,82.00413322119164
198000,82.64270511845251
201600,41.56756049856461
205200,0.12516097173870522
