time,vpos
18000,-20.591791003961145
21600,39.70410445739348
25200,99.98451180168472
28800,60.380028900515484
32400,19.542129680031177
36000,16.46818521877469
39600,10.161621081886391
43200,3.468402033668512
46800,1.2567070974608994
