time,vpos
180000,83.57051388756771
183600,81.80188971894498
187200,82.42566609114022
190800,83.99187514772133
194400,53.027706376891274
198000,47.57494908660139
201600,-13.86991544855371
205200,-99.99999999000606
208800,-100.0
