time,vpos
183600,86.78629003402715
187200,71.34212894861327
190800,52.242687222651995
194400,49.96876194263192
198000,36.5550466313746
201600,17.291822930760965
205200,-43.58816504734513
208800,-99.9999999983067
212400,-99.99999999999115
