time,vpos
190800,88.8901094153104
194400,71.29179143594983
198000,21.532530642658756
201600,-55.31420608563585
205200,-99.99999988392885
208800,-99.99999987247467
212400,-54.781977904576905
216000,26.923765995610687
219600,63.41148782328357
