time,vpos
194400,31.341728382288668
198000,14.646456458892363
201600,-51.02440773224895
205200,-99.9999998650031
208800,-99.99999921710301
212400,-99.99999860329464
216000,-99.99999925119776
219600,-44.07378886111449
223200,11.852422277771026
