time,vpos
198000,99.99207303585547
201600,58.2899387286439
205200,-41.706097737338986
208800,-99.99997796613832
212400,-66.85893699658662
216000,-66.85895897015578
219600,-87.98002833757525
223200,3.4237002811777772
226800,82.80745725420138
