time,vpos
205200,-100.0
208800,-99.99999344044292
212400,-99.99996859995765
216000,-89.65801774248413
219600,-14.899584132612828
223200,-9.66271351845819
226800,-61.03576377077108
230400,-3.661917860841932
234000,45.90534788222877
