time,vpos
212400,-100.0
216000,-99.99999999999278
219600,-96.11634079614979
223200,-92.47883922759448
226800,-92.0685174975976
230400,-91.52618392735192
234000,-91.25349623573017
237600,-45.23916701466383
241200,0.3883287197490746
