time,vpos
21600,99.99849922150132
25200,99.99924961075067
28800,69.5901900375081
32400,21.34689728590385
36000,0.9676672886270419
39600,0.40064629409296404
43200,0.5643864667936188
46800,-1.3254254062836153
50400,-1.4002512384311054
