time,vpos
223200,-100.0
226800,-99.99999999998856
230400,-57.596729464646
234000,-15.406620012475242
237600,-8.321959767870032
241200,-0.9759223891740127
244800,-0.32586992873188747
248400,0.22095509806986727
252000,0.16594371535992664
