time,vpos
226800,-100.0
230400,-53.71240189747771
234000,-7.782595395084697
237600,-10.13897970317007
241200,-8.590555775681999
244800,-2.7514609761276896
248400,-11.766109321446125
252000,3.660591780082019
255600,30.39401939103874
