time,vpos
230400,-99.89992142720968
234000,-99.94949585983423
237600,-99.99953514622935
241200,-99.99999999999997
244800,-99.99970742079263
248400,-52.951670682948745
252000,-3.8555839400509924
255600,-0.44884933135772825
259200,0.9095426930742933
