time,vpos
234000,-99.03615880009693
237600,-99.51807838662363
241200,-99.99999898657516
244800,-100.0
248400,-99.81803411069235
252000,-99.8180312323627
255600,-49.47829614018599
259200,1.0434019629687126
