time,vpos
25200,99.97868120343709
28800,60.90674292979965
32400,4.068692335324419
36000,-8.455981450865826
39600,-1.7015570005628053
43200,0.022700641331762434
46800,-0.09645092249060402
50400,-0.21674027936171625
54000,-0.006606346171369024
