time,vpos
0,-99.9999950429191
3600,-60.189252661831475
7200,-11.6323608338002
10800,-1.5918549008245255
14400,-0.29749841479249767
