time,vpos
3600,-0.3800832784728833
7200,-4.934188820339798
10800,-6.246661590845804
14400,-1.7487051048574356
18000,-0.4923813902299746
