time,vpos
36000,-2.262723010959538
39600,-3.7270157650332507
43200,-3.365181110323006
46800,-0.7553712689236922
50400,0.028311163691663293
