time,vpos
39600,0.5854422952594507
43200,0.3023325543656336
46800,0.00010893621194790857
50400,-0.3703034425916166
54000,-0.7216019441353126
