time,vpos
43200,-0.36303163895183616
46800,-0.8112613076474736
50400,-0.048719316579920804
54000,1.1551374644559471
57600,1.1482225857286246
