time,vpos
46800,-0.13731220990843865
50400,0.6289089303552706
54000,0.6512867586607884
57600,-18.591997362979754
61200,-37.09143817266211
