time,vpos
50400,-9.664794538038475
54000,-21.249695710377807
57600,-31.634845300268505
61200,-33.81551812254253
64800,-37.19594252726518
