time,vpos
54000,-21.238382570703312
57600,-60.61862448750141
61200,-87.19141839601718
64800,-62.06333503494411
68400,-49.742699682153344
