time,vpos
57600,-100.0
61200,-99.97737800832802
64800,-83.94756863005084
68400,-31.348190270062886
72000,5.244000703319859
