time,vpos
61200,-100.0
64800,-99.99996594886656
68400,-70.18286600984038
72000,-17.55154840557931
75600,5.262703310789028
