time,vpos
64800,-96.60081553903758
68400,-47.24110219307726
72000,-4.872814961167915
75600,-8.820189507249355
79200,-5.7761379392798124
