time,vpos
68400,-63.84124428927203
72000,-26.119411929378156
75600,-3.9727031576934184
79200,-9.77514046775133
82800,-0.002454189600101589
