time,vpos
7200,-11.079031721939431
10800,-10.174958080922769
14400,-9.362679023699643
18000,-9.301611529955665
21600,-9.148749452418144
