time,vpos
72000,-39.242268727600084
75600,-25.564191392103417
79200,-6.123030451681547
82800,-1.3068416155819713
86400,-2.253736384407605
