time,vpos
75600,-7.497416327827122
79200,-10.601062460361563
82800,-8.221894983142993
86400,-1.3216649447770203
90000,0.09575148383594473
