time,vpos
79200,-11.184721794253054
82800,-8.422145421815134
86400,-2.372597131962665
90000,1.2528545350849265
93600,1.5913342847179686
