time,vpos
82800,0.9806664805364003
86400,0.4979385221428689
90000,0.768153047761417
93600,3.2449236877465952
97200,4.968751843719694
