time,vpos
86400,6.192032185935281
90000,5.728930702863477
93600,5.0546376481259205
97200,5.143677435674554
100800,5.443908794888939
