time,vpos
90000,8.328040665166064
93600,10.097639000033604
97200,7.950324347769294
100800,6.432502128609931
104400,8.831592896582418
