time,vpos
93600,8.428754859872857
97200,9.705316890528726
100800,6.692973163368948
104400,2.242087332754879
108000,2.0801072599564545
