time,vpos
97200,20.515846379597498
100800,9.358059338591419
104400,-0.9005786366682358
108000,1.289406717104602
111600,2.5802430051310177
