time,vpos
100800,99.99365283448705
104400,58.01054522713734
108000,9.046473916490294
111600,51.032695559524925
115200,99.99988090585687
