time,vpos
104400,100.0
108000,99.99968401158789
111600,99.99966769194705
115200,99.99282875266961
118800,99.98569014462086
