time,vpos
10800,-43.62435047411373
14400,-19.8386256491474
18000,5.750139212676693
21600,-43.99935816989491
25200,-95.55189558932426
