time,vpos
108000,99.99833397653009
111600,99.99912962940125
115200,0.00022494187336130622
118800,-12.008542943062267
122400,75.98238951240116
