time,vpos
111600,99.99992787146881
115200,39.39817874000485
118800,-59.36129026509338
122400,-47.62402108672925
126000,2.270967965269135
