time,vpos
115200,-100.0
118800,-99.99999999999997
122400,-99.99999999999993
126000,-48.89008366339359
129600,2.219832673212719
