time,vpos
118800,-99.99999999996287
122400,-99.99999999998144
126000,-99.99999962904256
129600,-49.9966053171168
133200,0.0067886238515095605
