time,vpos
122400,-99.99999999976697
126000,-99.99953231028175
129600,-99.99938548739489
133200,-78.22105715051093
136800,-56.44240794702861
