time,vpos
126000,-100.0
129600,-47.666894848845075
133200,-31.795694312908335
136800,-33.920116185500845
140400,0.417366557124831
