time,vpos
129600,-99.99999999999991
133200,-99.98566503769098
136800,-78.31450656290728
140400,-28.21539009571934
144000,0.22690285899383392
