time,vpos
133200,-99.97673353370722
136800,-99.98835608830734
140400,-61.08376134287741
144000,38.781179805763045
147600,99.72990365437346
