time,vpos
136800,-99.99999984710294
140400,-99.99999952304398
144000,-30.441803759294462
147600,57.97359083277732
151200,76.83078998515853
