time,vpos
140400,-99.99989097260817
144000,-49.724776008784445
147600,-1.6042715186335446
151200,-1.8549330055866564
154800,0.049015981133062346
