time,vpos
14400,80.08053329170339
18000,90.0402666458517
21600,95.0740004539291
25200,90.64621680237329
28800,91.14443269688839
