time,vpos
144000,-99.99990532586742
147600,-49.967085390369775
151200,-36.24666797300611
154800,-37.08681690363579
158400,-1.6145633161314878
