time,vpos
147600,-49.32305983198178
151200,-71.82260518143967
154800,-54.411031570089065
158400,-22.136282145438756
162000,-29.772651681596933
