time,vpos
151200,-99.99934307101888
154800,-99.99967127065979
158400,-49.979305606699434
162000,-10.164370986998742
165600,-20.370130230899296
