time,vpos
154800,-99.9920365765543
158400,-99.99530465212125
162000,-55.30518786457268
165600,-4.999243739615788
169200,0.6133155222255584
