time,vpos
158400,-99.9988378396217
162000,-50.307194814448984
165600,-3.730043705625717
169200,-2.4534266496488017
172800,1.9376823226775581
