time,vpos
162000,-99.99982272820137
165600,-73.762790055231
169200,-34.40358145039107
172800,-9.993769551023854
176400,1.2938664164738105
