time,vpos
165600,-73.5941856295661
169200,-47.45786286855655
172800,-10.93395436804113
176400,-0.1917982928964398
180000,0.16277204274237378
