time,vpos
169200,1.4928383944213712
172800,0.7371846076187023
176400,-0.3153316934840918
180000,-0.30690798431592436
183600,-0.001621760847631567
