time,vpos
172800,0.5965327393972356
176400,-0.011050630755969626
180000,-0.8489623001242085
183600,-0.8671808500547495
187200,-0.6550711007702569
