time,vpos
176400,31.780481528301863
180000,10.982589988921509
183600,-4.841036762103227
187200,-1.1790707570128267
190800,-2.4913695402780425
