time,vpos
18000,94.44494856288466
21600,90.11297294738591
25200,92.8904973432334
28800,55.012055684662954
32400,10.024114014746244
