time,vpos
180000,-3.345475941917131
183600,-8.789727422509545
187200,-7.990856164666467
190800,-2.265990960602796
194400,-2.784248494974618
