time,vpos
183600,-0.0015150945705234287
187200,-5.163000847907554
190800,-5.092691028807616
194400,-0.5817302278079673
198000,-1.302564999245289
