time,vpos
187200,99.97664148274895
190800,99.98830456603989
194400,99.99733952202894
198000,99.9973499164009
201600,99.99998843807475
