time,vpos
190800,99.99988678974393
194400,99.99805237767816
198000,99.99753924368349
201600,80.89620578715517
205200,61.7935510525558
