time,vpos
194400,-99.87035627082349
198000,0.064821861328479
201600,74.77039930384844
205200,-25.22926131311737
208800,-99.99932124045114
