time,vpos
198000,99.99999999999993
201600,87.20484900345969
205200,23.96435737506743
208800,-54.86569825288827
212400,-83.25041324899199
