time,vpos
201600,-100.0
205200,-100.0
208800,-100.0
212400,-49.99975987051247
216000,0.0004802589750512679
