time,vpos
205200,-100.0
208800,-100.0
212400,-100.0
216000,-49.9995127911005
219600,0.0009744177989991959
