time,vpos
208800,-100.0
212400,-100.0
216000,-39.94037304985012
219600,9.899556060407443
223200,-0.32014177948487477
