time,vpos
212400,-100.0
216000,-100.0
219600,-60.743044631792785
223200,-18.123622059514627
226800,-14.761154855443667
