time,vpos
21600,88.66964983075106
25200,93.22887663950512
28800,66.77342858644604
32400,19.76833645561797
36000,3.7779191866030506
