time,vpos
216000,-100.0
219600,-99.98473059822959
223200,-72.70528283828264
226800,-34.039239367037254
230400,-22.6373742539684
