time,vpos
219600,-99.99999999999999
223200,-99.99200958888335
226800,-80.0581412083876
230400,-55.656070622762584
234000,-51.1798780065167
