time,vpos
223200,-99.9997532431106
226800,-99.99987662151452
230400,-87.14975570872244
234000,-50.39348420357097
237600,-26.48745698961552
