time,vpos
226800,-99.9999999999998
230400,-99.99948929968532
234000,-99.99948815863686
237600,-91.00629907518369
241200,-82.01260043246448
