time,vpos
230400,-99.99998854743201
234000,-98.96129294611505
237600,-98.45848377029766
241200,-99.44187304546509
244800,-99.88937589513296
