time,vpos
234000,-99.99296592249149
237600,-98.21026049558243
241200,-47.93560461464469
244800,-49.61112801043832
248400,-99.77860186026065
