time,vpos
237600,-99.99870058067674
241200,-47.75680502010824
244800,-47.75725081641507
248400,-99.23467478538667
252000,-98.46975739748294
