time,vpos
241200,0.054099711802981454
244800,-49.97014523104489
248400,-99.9808308930582
252000,-98.80007655456693
255600,-97.6328814969102
