time,vpos
244800,-99.91981255647885
248400,-99.95980246087555
252000,-50.18021446322089
255600,-50.119732995529006
259200,-99.8788294298885
