time,vpos
248400,-99.99999992334469
252000,-99.99972042453258
255600,-65.43598663172621
259200,-30.872532337731933
