time,vpos
25200,97.24611142326415
28800,70.59891024523785
32400,21.93861313455321
36000,0.20864593481575824
39600,0.49177466773661804
