time,vpos
28800,31.410755833054633
32400,17.07339591691923
36000,0.03964495871830939
39600,-2.2353265715999466
43200,-1.8139070598526825
