time,vpos
32400,0.05417035961364566
36000,-0.0276399747013523
39600,-2.8156115740067653
43200,-2.7597388183109395
46800,0.0022952023753006028
