time,vpos
0,-40.14977586813704
3600,-21.527126058855586
7200,-1.3291931057817303
10800,-0.4086142396031591
14400,-3.52550880924681
18000,-5.921955757729764
21600,-5.856212414182894
