time,vpos
3600,-15.941229454153568
7200,-22.872056505458758
10800,-20.692548266256843
14400,-8.617664401816686
18000,-15.821739845479277
21600,-18.454594981882064
25200,-10.91882610068921
