time,vpos
36000,0.2010618827962296
39600,-2.0934301840945237
43200,-3.292052469898938
46800,-0.5930721980773416
50400,1.8308450243893284
54000,2.476737992754559
57600,2.3018242293883775
