time,vpos
39600,-28.00960989313785
43200,-21.80322345621785
46800,-4.041264063308786
50400,5.01541788128818
54000,-8.837809685064856
57600,-18.17400880193153
61200,-16.15587136383727
