time,vpos
43200,-1.6018201666359593
46800,-3.4090201318588162
50400,-5.2848637624153785
54000,-2.7224274994115354
57600,-38.580553263600045
61200,-38.624060201852764
64800,-0.17836144757941538
