time,vpos
46800,-19.748942616930016
50400,-10.259942092196743
54000,0.6496734150069486
57600,-32.90404105548213
61200,-53.30545683048241
64800,-30.845451776493647
68400,-22.9583604004641
