time,vpos
50400,-0.006179401203861206
54000,-2.2151550837437135
57600,-51.103735144916065
61200,-98.89152089417902
64800,-84.9316858962363
68400,-43.97988613354785
72000,-18.096102739432585
