time,vpos
54000,-35.685628533237754
57600,-67.84085188391529
61200,-99.99799093644087
64800,-99.99961574936893
68400,-72.2960155773637
72000,-22.361560689608492
75600,-0.1304150849385236
