time,vpos
57600,-99.99974356143052
61200,-97.43414998259843
64800,-97.43388234996341
68400,-91.50255964609832
72000,-41.551364876300354
75600,-3.1978128706994804
79200,-6.298806984834382
