time,vpos
61200,-99.95134756274709
64800,-99.92247598923691
68400,-97.78267757881068
72000,-58.52226698213771
75600,-13.754077260816707
79200,-5.021842797138515
82800,-3.9083142950244323
