time,vpos
64800,-99.99860802948125
68400,-72.44059474701487
72000,-34.52974317603294
75600,-16.43765768877035
79200,-10.58762589468798
82800,-7.322966148925595
86400,-2.1690909984985676
