time,vpos
68400,-79.54894823633676
72000,-56.00119801207335
75600,-16.22002903357271
79200,-1.8088253578133928
82800,-2.0038260705923103
86400,0.620432380776576
90000,1.617476466446456
