time,vpos
7200,10.437202136547436
10800,16.704452613720623
14400,28.934610470122163
18000,40.61487099686305
21600,52.51831296116309
25200,75.22426711878583
28800,91.74413245962106
