time,vpos
72000,-4.593884981551637
75600,-1.0421036361595963
79200,1.4998693541705643
82800,-2.103837329724787
86400,-0.5578090569478451
90000,4.161023388439351
93600,4.739929232216135
