time,vpos
75600,-5.143473869943739
79200,-3.6829220357966914
82800,1.8412185525761804
86400,5.331725409231211
90000,2.3188106952130765
93600,-0.023956773160463192
97200,0.07310857491333836
