time,vpos
79200,1.4974150384196274
82800,0.7323225800731623
86400,6.182417975005177
90000,11.272878587714615
93600,10.031486524412816
97200,6.230468091238504
100800,2.5461144807969474
