time,vpos
82800,6.134218882154445
86400,11.369587320853219
90000,3.771580366975412
93600,3.6650934540367315
97200,8.488210850445178
100800,2.9436717212932053
104400,5.302903675370684
