time,vpos
86400,14.665469665317577
90000,17.854507815048898
93600,12.664823951235201
97200,6.7769296826067835
100800,6.629187134495552
104400,3.267879023219053
108000,2.545141204970377
