time,vpos
90000,20.439745686582533
93600,17.626579100968986
97200,11.774559835823723
100800,9.414676181976004
104400,8.669348337416064
108000,5.085569624697141
111600,2.9260877822221523
