time,vpos
93600,82.25088206150278
97200,83.10038659105638
100800,91.97461439861314
104400,86.80879067302641
108000,81.73279584743395
111600,90.84664232362769
115200,91.845936621824
