time,vpos
97200,99.99999999999916
100800,84.23428993711919
104400,69.56810730404506
108000,85.33374028228296
111600,99.94459522549761
115200,94.95782073303558
118800,90.02629684579097
