time,vpos
100800,78.62287343116003
104400,81.02716447051812
108000,53.061204835322464
111600,60.36056198899287
115200,-0.9849131369520092
118800,-99.99999804556052
122400,-100.0
