time,vpos
104400,78.21945930417401
108000,56.835549652168595
111600,51.308937098468
115200,-16.416882901613594
118800,-100.0
122400,-100.0
126000,-100.0
