time,vpos
10800,67.9214500643116
14400,46.70067563995664
18000,47.26521804007642
21600,77.9987385098319
25200,47.637449945836316
28800,-25.70124207755437
32400,-59.730441891668725
