time,vpos
108000,42.77940044334393
111600,52.20155974985913
115200,-19.188140471812304
118800,-99.99997824090012
122400,-99.99997824054441
126000,-99.99999999964375
129600,-100.0
