time,vpos
111600,67.32154874211365
115200,-16.339225628943176
118800,-99.99999999999996
122400,-99.99999999999996
126000,-100.0
129600,-99.99999999999972
133200,-99.99999999999942
