time,vpos
115200,-99.9999999999983
118800,-99.99999999999916
122400,-99.99999999999999
126000,-99.99999999999999
129600,-99.99999955413563
133200,-97.23799943646057
136800,-94.47599976464988
