time,vpos
118800,-100.0
122400,-100.0
126000,-100.0
129600,-92.40882569780328
133200,-83.62594100972086
136800,-80.21434553962582
140400,-77.99446045541652
