time,vpos
122400,-100.0
126000,-100.0
129600,-100.0
133200,-96.63108810875781
136800,-72.56442930228802
140400,-58.53488712803219
144000,-65.20309186900396
