time,vpos
126000,-99.9999999904583
129600,-99.99999999522915
133200,-50.903930026452294
136800,43.33090819550278
140400,74.28217617642842
144000,1.6216088186483735
147600,-56.85145827164996
