time,vpos
129600,-100.0
133200,-100.0
136800,-28.330173345329868
140400,57.982560426895844
144000,23.86212875718693
147600,-44.830776097391336
151200,-64.7603421647051
