time,vpos
133200,-99.99997655600941
136800,-99.99998827799703
140400,-62.64051756796768
144000,-0.7644015747381772
147600,-4.2697859281328965
151200,-40.692080193378146
154800,-49.09235654401615
