time,vpos
136800,-99.99995471305567
140400,-99.99935618685403
144000,-50.11713447779969
147600,49.8822401986275
151200,99.99896163029373
154800,31.38460833173481
158400,-37.22871490491584
