time,vpos
140400,-99.99999954762187
144000,-99.99999976028978
147600,-99.99999912298041
151200,-83.09440668905886
154800,-19.566793118822346
158400,-20.02923968281678
162000,-67.11370823310344
