time,vpos
14400,43.70598454095986
18000,46.25624695003402
21600,34.31031613944903
25200,48.24487767383127
28800,8.470728626602131
32400,20.132912376397194
36000,99.99999992746278
