time,vpos
144000,-99.99998227373815
147600,-99.48438761825639
151200,-99.48348114852837
154800,-81.89180608218562
158400,-15.307073912985029
162000,-33.41429210500873
165600,-99.99987921413656
