time,vpos
147600,-93.21977405261231
151200,-64.77084866590647
154800,-54.93986182018864
158400,-36.82455773340278
162000,-16.506840942396515
165600,-66.26427391931593
169200,-99.60618105946776
