time,vpos
151200,-43.181019728272716
154800,-70.0927447463191
158400,-58.330108764910946
162000,-38.95676283972283
165600,-53.2181378569008
169200,-52.53185658352149
172800,-56.8852153672306
