time,vpos
154800,-99.99985485561905
158400,-99.99992411628199
162000,-51.74897605836155
165600,-30.27415436961255
169200,-42.81536063122216
172800,-25.81278268681922
176400,-23.04519411064103
