time,vpos
158400,-99.99995628917276
162000,-84.10427131956057
165600,-55.190134452857855
169200,-71.0798970498358
172800,-69.45704839795457
176400,-24.65661755556684
180000,-10.387249859128774
