time,vpos
162000,-99.99228603979053
165600,-89.45002430152037
169200,-61.726426292285765
172800,-23.285344103231033
176400,-6.125034367636477
180000,-9.273312695946947
183600,-8.322154841761696
