time,vpos
165600,-99.99664326366107
169200,-87.42706316477732
172800,-37.523036231714656
176400,-5.4896090912699504
180000,-6.07288558462891
183600,-3.5071447038179526
187200,-5.659147023382245
