time,vpos
169200,-54.92478262424918
172800,-23.390422910709486
176400,3.7514877819774335
180000,0.3793994615331734
183600,3.8163959252465016
187200,1.4913058980557214
190800,-3.2504198924398735
