time,vpos
172800,11.613114014280105
176400,7.356377198920555
180000,-0.7589767262806085
183600,0.5767484605995666
187200,0.6530734779726873
190800,-2.0160472881620954
194400,0.4328492250517886
