time,vpos
176400,-8.363852514868931
180000,-8.249550813934697
183600,-3.925942998203931
187200,0.13934518332307594
190800,0.8447236586366946
194400,0.7567801360843259
198000,-0.1805597950511851
