time,vpos
18000,23.335983807795245
21600,45.50734677008009
25200,61.16767142593036
28800,27.59192797913648
32400,3.3982822525859087
36000,1.1320334262671428
39600,-4.005274813860353
