time,vpos
180000,99.99971119777938
183600,99.99954655189612
187200,99.98532856569857
190800,99.8537599033057
194400,99.77483047874341
198000,99.90609574184006
201600,99.99877510742039
