time,vpos
183600,99.99999999943495
187200,99.99999999970852
190800,99.99947825970614
194400,99.9994774310076
198000,99.9999595352972
201600,57.695010034080106
205200,15.390099340150886
