time,vpos
187200,-99.99986798396198
190800,1.4643926654622774e-05
194400,99.31668130587896
198000,99.04105275721177
201600,7.81163517083025
205200,-54.711423472932694
208800,-25.59747711304501
