time,vpos
190800,99.99999999999989
194400,99.99999999999885
198000,99.99999999995642
201600,53.90544381117838
205200,-18.298127345779495
208800,-22.069623055104547
212400,0.2678962037916309
