time,vpos
194400,99.9999999804645
198000,99.99999999004183
201600,68.77399448907224
205200,14.230652521047332
208800,-9.15557483364612
212400,-6.4291120630109235
216000,-3.633758395160243
