time,vpos
198000,99.99999999999993
201600,62.631771619710804
205200,-1.3583760431799097
208800,4.274513375172212
212400,-29.259658580798003
216000,-51.90910993711935
219600,-8.76958063651677
