time,vpos
201600,-100.0
205200,-100.0
208800,-100.0
212400,-100.0
216000,-100.0
219600,-71.23986455642408
223200,-42.47972911284816
