time,vpos
205200,-100.0
208800,-100.0
212400,-100.0
216000,-100.0
219600,-44.325700226008514
223200,-2.714378813411336
226800,-16.777357174805644
