time,vpos
208800,-100.0
212400,-99.99999999999936
216000,-99.99999999999936
219600,-75.15101388549404
223200,-27.25940817717511
226800,-5.252745636035375
230400,-6.288702688708589
