time,vpos
212400,-100.0
216000,-99.99999999999987
219600,-85.13653057865
223200,-46.783867159150425
226800,-16.031318750817245
230400,-3.7284108593185166
234000,1.3111426219968527
