time,vpos
21600,21.63990645805377
25200,60.81995322902688
28800,55.0536723166845
32400,-19.238840862464475
36000,-64.79633901504813
39600,-53.31857861167191
43200,-25.629505551545527
