time,vpos
216000,-100.0
219600,-99.98165379937201
223200,-49.915623105549045
226800,0.43573109475750293
230400,-12.176296844609281
234000,-14.674225676511826
237600,-4.256456861936032
