time,vpos
219600,-99.99977163660509
223200,-99.9998848899686
226800,-48.2718689241853
230400,-11.064268181443923
234000,-7.752615314292904
237600,7.68047326087996
241200,5.281380492496349
