time,vpos
223200,-99.99998749810507
226800,-99.99510615018319
230400,-99.98868892028787
234000,-99.99357648327556
237600,-77.4882564307816
241200,-39.64872468793049
244800,-24.320936442534464
