time,vpos
226800,-99.99995797273502
230400,-66.1951599849606
234000,-26.620758181453997
237600,-49.569513951602694
241200,-56.28789863565843
244800,-17.48904221814803
248400,-0.6901607024627613
