time,vpos
230400,-97.36831978406869
234000,-98.68396808409729
237600,-99.95337627330339
241200,-93.57676380571746
244800,-52.37686339754403
248400,-11.306418444563228
252000,-5.105501542992396
