time,vpos
234000,-99.99981383120277
237600,-70.70991877548889
241200,-70.70978176901752
244800,-99.99944500435535
248400,-49.93226770806747
252000,-0.29518399443598875
255600,-0.7251827631877018
