time,vpos
237600,-99.99990293135023
241200,-99.99980521918756
244800,-99.99985313621104
248400,-99.99987055660665
252000,-51.956384488919824
255600,-26.34100046554072
259200,-48.768974301057916
