time,vpos
241200,-99.99999900263988
244800,-99.99999950131995
248400,-99.9831314178829
252000,-99.98312080724506
255600,-84.96975219619915
259200,-69.93952561367401
