time,vpos
25200,99.99999999999012
28800,67.20814213113377
32400,12.580207105782732
36000,-24.355314475858965
39600,-40.23030061226221
43200,-27.1875810284118
46800,-13.369319733305133
