time,vpos
28800,28.964551165711956
32400,14.212676684233369
36000,-9.465135778181628
39600,-10.556825806621974
43200,-1.6338955023904727
46800,0.2027837286012294
50400,0.9507806078574963
