time,vpos
32400,-2.1073622599326285
36000,-5.708474911646809
39600,-4.395235808573137
43200,-0.08448965128066196
46800,-0.9812733740401607
50400,-0.41486669636055307
54000,0.4447181065831742
