_run_,RExt,_error_,occheff,shgc,tmass
1,4.0,0.836474892549379,2.0839373222785733,4.608608989793548,50.0
