RExt,occheff,shgc,tmass
4.0,2.0839373222785733,4.608608989793548,50.0
