tmass,shgc,occheff,RExt,Tve,Vi,maxHeat,maxVent
50.0,4.608608989793548,2.0839373222785733,4.0,21.0,486.5,2689.0,4800.0
