tmass,shgc,occheff,RExt
1.0,0.4608608989793548,0.6335749289114293,1.0
