time,vpos
0,-0.0502174978331799
3600,-0.08459204892214128
7200,-0.08014591238297678
10800,-0.0015469416023268078
14400,0.03830994716333583
18000,0.028082473442932642
21600,0.0177763941093909
