time,vpos
3600,-0.07854186247393327
7200,-0.043281499837492625
10800,0.004446245364817403
14400,0.0408786780978282
18000,0.06106066376564273
21600,0.03831802568514484
25200,0.019358452103973838
