time,vpos
36000,0.22593147466594987
39600,0.23732366644221742
43200,0.24140757204368027
46800,0.19710591327263302
50400,0.1128101988310507
54000,0.0318885180741493
57600,-0.0017308208374123245
