time,vpos
39600,-0.1776298271710984
43200,-0.14324798065065375
46800,-0.04728269267250645
50400,0.08217120081786414
54000,0.18381323563306304
57600,0.03394366984859408
61200,-0.14969747871840583
