time,vpos
43200,-0.01945027767504405
46800,-0.014302586769925074
50400,-0.005076895273825992
54000,-0.006102752921498378
57600,-0.04721173136777397
61200,-0.06274224080021466
64800,-0.042267630025032255
