time,vpos
46800,-0.01001468895164702
50400,-0.0065223977369671575
54000,-0.006263596305426748
57600,-0.04702779660592795
61200,-0.06638341247050378
64800,-0.03296516228548643
68400,-0.01772200675325501
