time,vpos
50400,-0.07179342905001393
54000,-0.029807525022620105
57600,-0.09329801265985438
61200,-0.12213015486670907
64800,-0.012970536243351422
68400,0.021555992707855763
72000,0.023567152493478707
