time,vpos
54000,0.11215933988990984
57600,0.04344323135777031
61200,0.014514471000257002
64800,0.008725735714882991
68400,-0.08902881578611554
72000,-0.130414952443395
75600,-0.11962262105967612
