time,vpos
57600,0.12382729953398196
61200,-0.022161814635302153
64800,-0.030549259993321518
68400,0.057855440985698364
72000,-0.03746923143404853
75600,-0.07488844138714024
79200,-0.06617994675272992
