time,vpos
61200,0.01416912217888644
64800,-0.028796872161609196
68400,0.027613951036865262
72000,0.0703288807224563
75600,-0.033402978523651775
79200,-0.07320542142855174
82800,-0.06593789294072269
