time,vpos
64800,-0.07159610017224272
68400,-0.01351833812874095
72000,0.09448458828895075
75600,0.06874581385010077
79200,-0.059033709887359315
82800,-0.09879199468311597
86400,-0.08643469455445249
