time,vpos
68400,-0.12922610286885128
72000,0.025692138350060824
75600,0.1651568357633658
79200,0.047324706296643024
82800,-0.10931697282385108
86400,-0.13896492484135542
90000,-0.11434978339948126
