time,vpos
7200,34.80341772707635
10800,34.91316859851076
14400,35.13865861910023
18000,35.486126461425954
21600,36.08712392257947
25200,36.72810169562625
28800,36.99981070069017
