time,vpos
72000,-0.14629974132739748
75600,0.07376017202601372
79200,0.21680036660060176
82800,0.016980552856281014
86400,-0.15770617809381487
90000,-0.17649042095197343
93600,-0.14338802782553373
