time,vpos
75600,-0.1333892147919586
79200,0.07205884742244409
82800,0.20390553369258155
86400,0.016744280502949647
90000,-0.14603586443287953
93600,-0.1642962437097579
97200,-0.13333635529617377
