time,vpos
79200,-0.11944129840887434
82800,0.06917486432266676
86400,0.19053663649996164
90000,0.017216468860504174
93600,-0.1354058127005918
97200,-0.15700547274653168
100800,-0.13204862831658684
