time,vpos
82800,-0.10608711456471936
86400,0.06720694020886991
90000,0.17737265030411867
93600,0.015761836277452656
97200,-0.12904340801078762
100800,-0.14840722173735926
104400,-0.12144826052401611
