time,vpos
86400,-0.09510398021644831
90000,0.06223912389622336
93600,0.1617348860636982
97200,0.011508495914684235
100800,-0.11909296966327058
104400,-0.13413288115151906
108000,-0.11095037526562988
