time,vpos
90000,-0.07167602001327666
93600,0.05584003741588902
97200,0.13036524637338817
100800,0.004809005350913092
104400,-0.10486163491090417
108000,-0.148730724182835
111600,-0.15549456574375717
