time,vpos
93600,23.990800049856585
97200,23.997690365104376
100800,24.100933520427194
104400,24.3276987381443
108000,24.583363635450997
111600,24.82355890771038
115200,24.938501660305143
