time,vpos
97200,24.08614321312208
100800,24.136447025811435
104400,24.29258416968557
108000,24.528472665284294
111600,24.81810648865417
115200,12.427588020987898
118800,-0.12250910563429661
