time,vpos
100800,23.484183431976014
104400,23.57510913495811
108000,23.767270964050784
111600,24.060518972520633
115200,-37.873734572556906
118800,-99.99999999972174
122400,-99.99999999944976
