time,vpos
104400,11.682975899373114
108000,11.729482796168195
111600,11.874077630328966
115200,-44.01391721610036
118800,-99.99999999994755
122400,-99.99999999999962
126000,-99.99999999999955
