time,vpos
10800,35.018045266023364
14400,35.13302182344342
18000,35.478687667212554
21600,36.08490965472103
25200,36.737578969894685
28800,18.50156080793276
32400,-0.011593968043410946
