time,vpos
108000,3.2216700149378323
111600,3.248518025517501
115200,-48.362316981951345
118800,-99.99999999999945
122400,-99.99999999999798
126000,-99.99999999996831
129600,-99.99999999993967
