time,vpos
111600,-4.344119253428317
115200,-52.1720596267124
118800,-99.99999999999253
122400,-99.99999999998633
126000,-99.99999999998153
129600,-99.9999999999882
133200,-99.99999999999739
