time,vpos
115200,-99.99999999987836
118800,-99.99999999993918
122400,-100.0
126000,-100.0
129600,-99.99999999995761
133200,-97.3356384017678
136800,-94.67127680362036
