time,vpos
118800,-99.99999999998714
122400,-99.99999999998472
126000,-99.99999999998057
129600,-99.99999999998924
133200,-96.9017672287473
136800,-82.89902221490293
140400,-71.9945099723109
