time,vpos
122400,-99.99999999999265
126000,-99.9999999999803
129600,-99.99999999998397
133200,-96.81614946878899
136800,-80.46037667375248
140400,-55.29540913267842
144000,-43.302363855429896
