time,vpos
126000,-99.9999999999999
129600,-99.99999999999983
133200,-96.79845189968802
136800,-79.95517352167185
140400,-51.471071401920774
144000,-18.314349691014343
147600,1.7784544756561773e-07
