time,vpos
129600,-99.99999999999979
133200,-99.9999999999869
136800,-82.91846484393257
140400,-50.30128845920353
144000,-17.38285356607877
147600,6.359714533300687e-05
151200,0.00018709593227031053
