time,vpos
133200,-99.99999999999999
136800,-100.0
140400,-66.3266262623452
144000,-15.87066460715354
147600,0.704147358570881
151200,0.1991093020308906
154800,-0.09815280269666021
