time,vpos
136800,-99.99999999999999
140400,-100.0
144000,-50.00005442710705
147600,-8.484332614058757e-05
151200,5.921433433640836e-05
154800,6.692700809927223e-05
158400,-4.5407090638520514e-05
