time,vpos
140400,-34.34181686159451
144000,-17.24246961776229
147600,0.0352476078449091
151200,0.05311033105999915
154800,-0.109442334566977
158400,-0.2468199658333661
162000,-0.3821521900326664
