time,vpos
14400,35.2056346131453
18000,35.46697347237527
21600,36.1350497584316
25200,36.74920719851343
28800,18.49294664520631
32400,0.06671019706444663
36000,0.10415431548517892
