time,vpos
144000,-0.05605512513535001
147600,-0.03464733557797889
151200,0.0025769124403475074
154800,-0.002284386437553191
158400,0.023064658198664954
162000,0.07292202204542604
165600,0.07675258391711302
