time,vpos
147600,-0.05620573921169278
151200,-0.040868287706908105
154800,-0.00044135879323775737
158400,0.0009399015456536546
162000,0.03297556424034979
165600,0.07977576421640165
169200,0.07083208442776312
