time,vpos
151200,-0.0527397280918353
154800,-0.04420445184934883
158400,-0.0023698995097247337
162000,0.010606336587337006
165600,0.038825703982513275
169200,0.06719245300067188
172800,0.047016794623578335
