time,vpos
154800,-0.03437524832655969
158400,-0.022675692927383587
162000,0.004314336616022447
165600,0.009506815720515571
169200,0.020298552476600208
172800,0.02539627790849083
176400,0.009604271544560007
