time,vpos
158400,-0.007973313938589542
162000,0.004931810800475815
165600,0.01537443956888796
169200,-0.002365199708991516
172800,-0.010535893834259184
176400,-0.012515292641937948
180000,-0.021601140631575307
