time,vpos
162000,0.02700637856057471
165600,0.041925873889167714
169200,0.01879781800183303
172800,-0.035299499362137
176400,-0.04063697505573948
180000,-0.03148157391103753
183600,-0.033038463220775444
