time,vpos
165600,0.0628722781408013
169200,0.07424350010665284
172800,0.003670703561976839
176400,-0.06851761132018884
180000,-0.04911410086060304
183600,-0.03782544866036664
187200,-0.03618460329135416
