time,vpos
169200,0.1022255469677313
172800,0.10303927850584901
176400,-0.01896538861682795
180000,-0.09217169996436668
183600,-0.050664643459191055
187200,-0.055672340998885
190800,-0.05257500773049864
