time,vpos
172800,0.12109028091669624
176400,0.10298158366392104
180000,-0.04623027930416144
183600,-0.09625036655704898
187200,-0.030298365231226816
190800,-0.045317024988100835
194400,-0.04520460760837723
