time,vpos
176400,0.10524557622962494
180000,0.0648906998360439
183600,-0.06078084855263236
187200,-0.06182127719449619
190800,0.005550467850291493
194400,-0.02568645998594541
198000,-0.04001888951373862
