time,vpos
18000,35.7451537593141
21600,36.10594038429258
25200,36.740532830947274
28800,18.52559769724051
32400,0.006417818597481001
36000,-0.010742485480314293
39600,0.002536133701966218
