time,vpos
180000,-0.012976264657283148
183600,0.012366466715364954
187200,0.017579910719772555
190800,-0.03207831489390746
194400,-0.06085834072542705
198000,0.005504565156523914
201600,0.07111855862455495
