time,vpos
183600,-0.07395274869752577
187200,-0.038025519293913165
190800,0.004631346853048945
194400,0.02150313213080883
198000,0.07432444256678518
201600,0.0041900674172650094
205200,-0.10862346963382112
