time,vpos
187200,-14.474251261340736
190800,-14.515782866272382
194400,-14.599056708910116
198000,-14.685962993607705
201600,-57.36556352029868
205200,-99.9999999999958
208800,-99.99999999999342
