time,vpos
190800,-33.00380589341399
194400,-33.10574025527254
198000,-33.30922691540821
201600,-66.7053896068339
205200,-99.9999999999862
208800,-99.99999999998896
212400,-99.99999999998803
