time,vpos
194400,-59.849963256722184
198000,-60.035944646564786
201600,-80.11096301820363
205200,-99.99999999999993
208800,-99.9999999999905
212400,-99.99999999997277
216000,-99.99999999996454
