time,vpos
198000,-100.0
201600,-100.0
205200,-99.99999999999561
208800,-99.99999999999561
212400,-99.99999999997839
216000,-99.99999999995734
219600,-99.99999999995791
