time,vpos
201600,-99.9999999999979
205200,-99.99999999998657
208800,-99.99999999998205
212400,-99.99999999997357
216000,-99.99999999997148
219600,-97.77872245255172
223200,-95.55744490511876
