time,vpos
205200,-99.99999999998906
208800,-99.99999999999017
212400,-99.99999999999135
216000,-99.99999999999183
219600,-96.9253439707527
223200,-89.68409677172743
226800,-85.51750560194165
