time,vpos
208800,-99.99999999999957
212400,-99.99999999999892
216000,-99.99999999999774
219600,-96.5962257092645
223200,-87.09510077408514
226800,-76.24821512481523
230400,-71.49868011999199
