time,vpos
212400,-99.99999999999869
216000,-99.99999999999577
219600,-96.46970273979643
223200,-85.97316818530814
226800,-71.68963130974721
230400,-32.185743126406
234000,0.0008454756662099728
