time,vpos
21600,36.47017218890959
25200,36.74056016874524
28800,18.499035963742873
32400,-0.012565989672891895
36000,0.01436873461704547
39600,0.037987534272600425
43200,0.034981841060470045
