time,vpos
216000,-99.99999999999984
219600,-99.99999999999993
223200,-88.99553757160773
226800,-69.31548706016137
230400,-30.31997109151281
234000,-3.1984331315246536e-06
237600,3.6809052053171756e-05
