time,vpos
219600,-100.0
223200,-100.0
226800,-79.14844241729404
230400,-29.14845690287087
234000,2.760980134300309e-05
237600,6.092512399931803e-06
241200,-7.200573156254059e-05
