time,vpos
223200,-100.0
226800,-100.0
230400,-49.99985413931091
234000,0.0001326458555517755
237600,-5.367285688834061e-05
241200,1.102020668130855e-05
244800,0.0001029564600683639
