time,vpos
226800,-99.99999999999424
230400,-50.00040153191492
234000,-0.0009240555835296985
237600,-0.0002766071859826868
241200,0.0005581692559680802
244800,-3.730886980952812e-05
248400,-0.0006991232920402939
