time,vpos
230400,0.01910539218920983
234000,0.008664018570894369
237600,-0.0026568860948360164
241200,-0.004876947942472794
244800,0.002980078893942119
248400,-0.010866197617928527
252000,-0.033910031766435936
