time,vpos
234000,-0.07638499085616364
237600,-0.059869707505867516
241200,-0.015392391314297902
244800,0.0561129362875738
248400,0.06649986742504864
252000,-0.000866836353984133
255600,-0.03507717650989353
