time,vpos
237600,-0.07342215518218262
241200,-0.05674696287125865
244800,-0.012121872532578487
248400,0.05689927245331925
252000,0.05742003321930491
255600,-0.003340468938692852
259200,-0.023550484904534714
