time,vpos
241200,-0.028958443159227045
244800,-0.014855393350559102
248400,0.02116201624706021
252000,0.041006025027869215
255600,0.01892949269922551
259200,-0.0010766886212758287
