time,vpos
25200,37.01094485303977
28800,18.52128259114586
32400,-0.0003515776061877463
36000,0.012430880297949165
39600,0.06625493154812272
43200,0.062175707330878204
46800,0.04902679662573432
