time,vpos
28800,0.05338667801245145
32400,0.18916632296915384
36000,0.1616361416784928
39600,-0.07904617787907395
43200,-0.16895848538707645
46800,-0.15231912077936866
50400,-0.12313994197386165
