time,vpos
32400,-0.022384042831514107
36000,-0.006180480238406354
39600,0.014853038210391238
43200,-0.009766171895413735
46800,-0.08523038161390582
50400,-0.1367457513601477
54000,-0.1422460773493923
