time,vpos
0,-12.45574248814456
3600,-6.536994499764921
7200,-0.6182465113852824
