time,vpos
3600,-23.168082208303723
7200,-13.888507321112753
10800,-4.608932433921783
