time,vpos
36000,2.009164987455212
39600,1.4639048564867843
43200,0.9186447255183565
