time,vpos
39600,-0.010166259720609683
43200,0.015078248905356969
46800,0.040322757531323625
