time,vpos
43200,0.7703512310066098
46800,0.6894230415002607
50400,0.6084948519939114
