time,vpos
46800,-0.0012261927463428496
50400,0.7119310722819225
54000,1.425088337310188
