time,vpos
50400,0.04984337109425021
54000,2.5345542844817373
57600,5.019265197869225
