time,vpos
54000,-0.6547623871834408
57600,-3.769392127480964
61200,-6.884021867778486
