time,vpos
57600,-72.74100680209516
61200,-36.372376073115326
64800,-0.0037453441354947056
