time,vpos
61200,-41.884163193693446
64800,-19.333262007530955
68400,3.2176391786315364
