time,vpos
64800,0.00016765161305232375
68400,0.00010946183058846686
72000,5.1272048124609976e-05
