time,vpos
68400,1.284133540285753
72000,0.6407127523983629
75600,-0.002708035489027304
