time,vpos
7200,-20.347516948626794
10800,-10.17699617151562
14400,-0.006475394404449474
