time,vpos
72000,0.3050568048167967
75600,0.15251761622540108
79200,-2.1572365994535977e-05
