time,vpos
75600,-23.444011480477002
79200,-11.721439800157345
82800,0.0011318801623142827
