time,vpos
79200,-24.42149239596074
82800,-12.2141588173274
86400,-0.0068252386940575215
