time,vpos
82800,-31.76491012646856
86400,-21.573544480861447
90000,-11.382178835254328
