time,vpos
86400,-25.54979890694761
90000,-19.932924281131783
93600,-14.316049655315949
