time,vpos
90000,-9.974103651017774
93600,-7.703613913691444
97200,-5.433124176365114
