time,vpos
93600,0.004445573624413311
97200,0.0052521297824373
100800,0.006058685940461288
