time,vpos
97200,-3.4473363553187606
100800,-1.9678873047655883
104400,-0.48843825421241593
