time,vpos
100800,-0.4710273638734631
104400,-0.23179166363129208
108000,0.007444036610878928
