time,vpos
104400,-0.00033540820119869186
108000,-0.0010130410325831986
111600,-0.0016906738639677055
