time,vpos
10800,0.799233842587268
14400,0.2878793440426072
18000,-0.2234751545020538
