time,vpos
111600,99.99999999999328
115200,74.4182382857012
118800,48.83647657140911
