time,vpos
115200,-81.63733009752275
118800,-18.019973395942117
122400,45.59738330563852
