time,vpos
118800,-99.99999872497935
122400,-99.97244850073005
126000,-99.94489827648077
