time,vpos
122400,-99.99999999920661
126000,-75.38147137371556
129600,-50.762942748224525
