time,vpos
126000,-99.99999999997478
129600,-99.99999999997857
133200,-99.99999999998236
