time,vpos
129600,-99.99999999998349
133200,-99.99999999999174
136800,-100.0
