time,vpos
133200,-99.99999999993683
136800,-99.99999999994805
140400,-99.99999999995926
