time,vpos
136800,-100.0
140400,-85.08832207779957
144000,-70.17664415559913
