time,vpos
140400,-13.597501794059689
144000,-34.50521430917463
147600,-55.41292682428958
