time,vpos
14400,0.00790620508285073
18000,0.003942918543881974
21600,-2.0367995086781492e-05
