time,vpos
144000,-99.99998382164391
147600,-72.93297381910004
151200,-45.865963816556174
