time,vpos
147600,-45.359240487615665
151200,-11.858862943231632
154800,21.641514601152405
