time,vpos
151200,-13.826770629581548
154800,-6.913443834596731
158400,-0.00011703961191612784
