time,vpos
154800,-0.053594578714689596
158400,3.6427738222644868
162000,7.339142223243663
