time,vpos
158400,-99.9996064186999
162000,-49.999269905039625
165600,0.0010666086206577467
