time,vpos
162000,-48.90996802521495
165600,-23.729554639779877
169200,1.450858745655198
