time,vpos
165600,0.012424152107558097
169200,0.6095555940725067
172800,1.2066870360374553
