time,vpos
169200,-44.52180174522803
172800,-72.26090087261402
176400,-100.0
