time,vpos
172800,-80.8482817195943
176400,-40.4082501527897
180000,0.031781414014902254
