time,vpos
176400,-29.788351549930468
180000,-11.483917488869707
183600,6.820516572191056
