time,vpos
18000,18.035599194142193
21600,0.4866229466316263
25200,-17.06235330087894
