time,vpos
180000,0.2711235114115186
183600,-0.4903286605856201
187200,-1.2517808325827586
