time,vpos
183600,0.067314532249102
187200,-0.04147841670755631
190800,-0.15027136566421462
