time,vpos
187200,-54.68407423868085
190800,-27.253711363281134
194400,0.17665151211857366
