time,vpos
190800,-27.257096579760926
194400,-13.495277247318704
198000,0.2665420851235155
