time,vpos
198000,99.99998889278012
201600,99.99999404002804
205200,99.99999918727596
