time,vpos
201600,-99.99999955616751
205200,-24.611784346376453
208800,50.7764308634146
