time,vpos
205200,-99.99999999996294
208800,-99.99999999996759
212400,-99.99999999997222
