time,vpos
208800,-99.99999999991127
212400,-99.99999999995563
216000,-100.0
