time,vpos
212400,-99.9999999999993
216000,-99.99999999997908
219600,-99.99999999995886
