time,vpos
21600,99.91420236230665
25200,78.40261430548298
28800,56.891026248659315
