time,vpos
216000,-99.99999999989991
219600,-99.99999999994995
223200,-100.0
