time,vpos
219600,-99.99999999922578
223200,-99.99999929717778
226800,-99.99999859512977
