time,vpos
223200,-100.0
226800,-27.708473195196646
230400,44.58305360960671
