time,vpos
226800,-99.99999998314442
230400,-77.25758677646853
234000,-54.515173569792644
