time,vpos
230400,-99.9999290372039
234000,-68.14435669648977
237600,-36.28878435577565
