time,vpos
234000,5.542188402665936
237600,-23.870309922574933
241200,-53.28280824781581
