time,vpos
237600,-99.99999706278206
241200,-99.99997937084063
244800,-99.99996167889921
