time,vpos
241200,-99.99991793637348
244800,-74.8645968460411
248400,-49.72927575570872
