time,vpos
244800,-99.99999999979129
248400,-73.6921942192371
252000,-47.3843884386829
