time,vpos
248400,19.775304339086457
252000,-33.19734072175707
255600,-86.1699857826006
