time,vpos
25200,99.9999999999996
28800,73.43154777465749
32400,46.86309554931538
