time,vpos
252000,-54.8230732781567
255600,-27.40523948690532
259200,0.012594304346054538
