time,vpos
255600,-2.9565660749591354
259200,-2.9565660749591354
