time,vpos
28800,-3.376224385593469e-05
32400,-0.00023711666370790368
36000,-0.0004404710835598727
