time,vpos
32400,5.9982628728648795
36000,3.5243840778998816
39600,1.0505052829348829
