time,vpos
0,-8.78169153539821
3600,-9.164411505439682
7200,-9.547131475481157
