time,vpos
3600,-9.473918050740341
7200,-9.660485759810017
10800,-9.847053468879693
