time,vpos
36000,-2.7532465112313793
39600,-2.8716531049711427
43200,-2.990059698710906
