time,vpos
39600,-3.0023131854722998
43200,-4.71218339616882
46800,-6.422053606865341
