time,vpos
43200,-6.407462995768183
46800,-7.490293909641772
50400,-8.57312482351536
