time,vpos
46800,-8.585397830772798
50400,-9.063060100547446
54000,-9.540722370322094
