time,vpos
50400,-4.505580774295284
54000,-3.563486978344712
57600,-2.62139318239414
