time,vpos
54000,-0.9096851712045363
57600,-5.486825735172345
61200,-10.063966299140153
