time,vpos
57600,-10.101749760681063
61200,-10.437130745297013
64800,-10.772511729912962
