time,vpos
61200,-10.799466984485568
64800,-10.911653648104648
68400,-11.02384031172373
