time,vpos
64800,-10.915984192005515
68400,-11.187350617849763
72000,-11.458717043694012
