time,vpos
68400,-11.355270722683894
72000,-11.51115855951897
75600,-11.667046396354047
