time,vpos
7200,-9.814725673925032
10800,-9.333220018887342
14400,-8.851714363849652
