time,vpos
72000,-11.57900411590934
75600,-11.618851529727655
79200,-11.658698943545973
