time,vpos
75600,-11.581669214320863
79200,-11.596221974148566
82800,-11.61077473397627
