time,vpos
79200,-11.533295823642664
82800,-11.96269015110936
86400,-12.392084478576054
