time,vpos
82800,-12.318803325847822
86400,-12.343862698345786
90000,-12.36892207084375
