time,vpos
86400,-12.32034213226202
90000,-12.343132724978483
93600,-12.365923317694945
