time,vpos
90000,-12.32750374514111
93600,-12.149847039501877
97200,-11.972190333862644
