time,vpos
93600,-11.950563635234957
97200,-11.764281542870153
100800,-11.57799945050535
