time,vpos
97200,-11.547364804030856
100800,-10.904576533617824
104400,-10.26178826320479
