time,vpos
100800,-10.203149916568648
104400,-4.5965150249871405
108000,1.0101198665943671
