time,vpos
104400,1.0110912716288962
108000,9.979421753136965
111600,18.947752234645034
