time,vpos
10800,-8.84486527949574
14400,-5.820048760051819
18000,-2.795232240607896
