time,vpos
108000,99.99999999999997
111600,99.99999999999997
115200,99.99999999999997
