time,vpos
111600,99.99999999999997
115200,68.69324088914266
118800,37.38648177828535
