time,vpos
115200,37.370130569367596
118800,37.83372788041024
122400,38.297325191452884
