time,vpos
118800,-36.52355336564637
122400,-39.52556296121471
126000,-42.527572556783056
