time,vpos
122400,-99.99999999999952
126000,-99.99999999999689
129600,-99.99999999999427
