time,vpos
126000,-100.0
129600,-99.99999999999952
133200,-99.99999999999905
