time,vpos
129600,-99.99999999999996
133200,-99.99999999999956
136800,-99.99999999999916
