time,vpos
133200,-99.99999999997365
136800,-99.99999999998342
140400,-99.99999999999318
