time,vpos
140400,-47.186940182232405
144000,-27.31803335315605
147600,-7.449126524079695
