time,vpos
14400,-2.799314408223654
18000,1.2897019742787652
21600,5.378718356781184
