time,vpos
144000,-7.449674341721696
147600,-8.099444818378457
151200,-8.749215295035219
