time,vpos
147600,-8.700314933182952
151200,-9.293653901796093
154800,-9.886992870409234
