time,vpos
151200,-9.849101091664302
154800,-10.001660954134733
158400,-10.154220816605166
