time,vpos
154800,-10.145262538851146
158400,-10.335318181138195
162000,-10.525373823425245
