time,vpos
158400,-10.468554540961023
162000,-10.502478116570794
165600,-10.536401692180563
