time,vpos
162000,-10.487745253735875
165600,-10.466478000308918
169200,-10.445210746881962
