time,vpos
165600,-10.471606464741168
169200,-10.6234329013249
172800,-10.775259337908633
