time,vpos
169200,-10.823537621639682
172800,-10.9986650600814
176400,-11.173792498523117
