time,vpos
172800,-11.151880056082685
176400,-11.331404846635236
180000,-11.510929637187786
