time,vpos
176400,-11.478050037467987
180000,-11.649133357085864
183600,-11.820216676703742
