time,vpos
18000,5.376152243419305
21600,0.6032390351421547
25200,-4.169674173134997
