time,vpos
180000,-11.782441268090805
183600,-11.482697325253376
187200,-11.182953382415947
