time,vpos
183600,-11.141712866834197
187200,-10.753126629480803
190800,-10.36454039212741
