time,vpos
187200,-10.325240184353168
190800,-6.555242350319684
194400,-2.7852445162861996
