time,vpos
190800,-2.785267923506924
194400,2.4685478452985086
198000,7.722363614103942
