time,vpos
194400,7.724162888444538
198000,18.46481923025137
201600,29.20547557205819
