time,vpos
198000,-0.48324825596332016
201600,4.0925662417404665
205200,8.668380739444254
