time,vpos
201600,-30.857728244744138
205200,-29.38613765862592
208800,-27.914547072507712
