time,vpos
208800,-99.99999999992949
212400,-99.99999999987605
216000,-99.99999999982265
