time,vpos
21600,100.0
25200,99.99999999994935
28800,99.9999999998987
