time,vpos
216000,-99.99999999977375
219600,-99.99999999982718
223200,-99.9999999998806
