time,vpos
219600,-100.0
223200,-99.99999999999996
226800,-99.99999999999993
