time,vpos
223200,-99.99999999988782
226800,-99.99999999980274
230400,-99.99999999971764
