time,vpos
226800,-99.99999999999977
230400,-52.90098870461546
234000,-5.801977409231155
