time,vpos
230400,-54.92289700436627
234000,-55.989362952429225
237600,-57.05582890049219
