time,vpos
234000,-33.959733003471285
237600,-34.44117547159979
241200,-34.9226179397283
