time,vpos
237600,-12.730230363584633
241200,-12.85319742197153
244800,-12.97616448035843
