time,vpos
241200,-9.086533448256851
244800,-9.304674122624652
248400,-9.522814796992455
