time,vpos
244800,-9.429927889362384
248400,-9.754529627140865
252000,-10.079131364919345
