time,vpos
248400,-9.987358760800793
252000,-10.25472536475665
255600,-10.522091968712505
