time,vpos
25200,64.72641969555167
28800,35.985336045202224
32400,7.24425239485279
