time,vpos
252000,-10.431385240273945
255600,-10.83864577815239
259200,-11.245906316030833
