time,vpos
255600,-11.204708559600574
259200,-11.204708559600574
