time,vpos
28800,16.131095922563475
32400,10.023317836420059
36000,3.9155397502766407
