time,vpos
32400,-0.11555420193351448
36000,-1.4018845724851747
39600,-2.688214943036835
