time,vpos
0,26.230577041018506
3600,26.307598736025312
7200,26.46054372008755
10800,26.612086469041294
14400,26.770016542926246
18000,27.03243599247105
21600,27.50548903937535
25200,27.99846433659925
28800,14.087821121063742
32400,-0.01200925694565936
36000,-0.0011653335417918457
