time,vpos
36000,-0.11194647846286004
39600,-0.09385445852146622
43200,-0.040863949497813634
46800,0.010897163021632602
50400,0.037584304197752494
54000,-0.04335682441649739
57600,-0.1143164943741204
61200,-0.05845414890526263
64800,-0.014143362664584543
68400,-0.003911143592962327
72000,-0.0019333416887197085
