time,vpos
50400,-11.40423251304132
54000,-11.461399358012297
57600,-11.969088750133736
61200,-7.148734301465915
64800,-1.0240597748908316
68400,-0.7464498567473087
72000,-0.847350909541207
75600,-0.2134194651212629
79200,0.4682652420511584
82800,0.4754420645931487
86400,-0.04042093543672015
