time,vpos
57600,-1.425240170656965
61200,-0.17482469944372125
64800,0.4723290261066224
68400,-0.05039990548668664
72000,0.06478408627799184
75600,0.11500278556688273
79200,0.08153400182384149
82800,-0.004049409795203222
86400,-0.08211650410974952
90000,-0.033188087876671206
93600,0.057260316388753646
