time,vpos
64800,0.3134362500817981
68400,0.3127524485093039
72000,0.3121425604352201
75600,0.31308434213663716
79200,0.12789366031956986
82800,-0.0307016860997572
86400,-0.018137969183882285
90000,-0.005669545745402665
93600,-0.0026965510612540038
97200,-0.003779298388917626
100800,0.0195328697226217
