time,vpos
68400,-1.6808864975085245
72000,-1.6911477742771532
75600,-1.645254702304819
79200,-1.5784074754035864
82800,-1.5693228727966853
86400,-1.0996042026827817
90000,-0.2738054942386885
93600,0.03835882779944626
97200,0.11184589822857845
100800,0.141645923686303
104400,0.055651437976208355
