time,vpos
72000,-12.046497045460018
75600,-12.088682276260677
79200,-12.212863902477789
82800,-12.337908312064023
86400,-6.452863580836232
90000,-0.27682108654900267
93600,0.2160759774811079
97200,-0.08096628311211472
100800,-0.3641859864151962
104400,-0.08130874342536798
108000,-0.057201372866130966
