time,vpos
75600,0.06548336849456736
79200,-0.8282424422489822
82800,-0.43391279571430835
86400,1.700377119524534
90000,0.6750309270577834
93600,-1.6781482071925868
97200,-0.2316059638492121
100800,0.7031620276039092
104400,0.23474615674431645
108000,1.3085447792752414
111600,1.857386536952505
