time,vpos
79200,20.193974988156643
82800,20.28980365975799
86400,20.404575472991695
90000,20.433247108659675
93600,20.485900979376936
97200,20.62927450375323
100800,20.824344820871264
104400,20.975711687564765
108000,21.101248930178734
111600,21.41280704661433
115200,21.655572617706063
