time,vpos
86400,19.6890655916763
90000,19.752468439452958
93600,19.865879173623714
97200,19.97561000354381
100800,20.101966563191084
104400,20.23385111742301
108000,20.372639370976398
111600,20.619516158090878
115200,-39.60357218511867
118800,-99.99999999999935
122400,-99.9999999999987
