time,vpos
90000,14.880006826794265
93600,14.928519031484806
97200,15.030206052238992
100800,15.115258367594222
104400,15.182287711573778
108000,15.304341960487761
111600,15.524603336819132
115200,-42.17101884553476
118800,-99.99999999999697
122400,-99.99999999999993
126000,-99.99999999999994
