time,vpos
93600,12.217262749893099
97200,12.254895542927416
100800,12.331200197189455
104400,12.410076274584924
108000,12.500248310145048
111600,12.654794463756303
115200,-43.620313601012406
118800,-99.99999999998732
122400,-99.99999999997509
126000,-99.99999999998775
129600,-99.99999999999999
