time,vpos
100800,10.286581812377941
104400,10.319419026898993
108000,10.3946802395622
111600,10.523325494049075
115200,-44.69522662480279
118800,-99.99999999999949
122400,-99.99999999995836
126000,-99.99999999995852
129600,-99.99999999999658
133200,-97.30931810215813
136800,-94.61863620432304
