time,vpos
104400,10.030551206839089
108000,10.08465116822506
111600,10.209983816927997
115200,-44.8593917478775
118800,-99.99999999999677
122400,-99.99999999999518
126000,-99.99999999999827
129600,-99.99999999999987
133200,-96.83028008989204
136800,-82.06310219280817
140400,-70.46564420583226
