time,vpos
10800,26.78707658417921
14400,26.85171502345929
18000,27.05657746007021
21600,27.58367883237738
25200,27.914283446442933
28800,13.958585246142905
32400,0.0525852252736847
36000,0.049850414939183525
39600,0.05121989171886596
43200,0.029246140141224432
46800,0.009742682929382317
