time,vpos
108000,9.961900759464953
111600,10.044227978047413
115200,-44.93672240168461
118800,-99.9999999999914
122400,-99.99999999998626
126000,-99.99999999997691
129600,-99.99999999995019
133200,-96.74409079259831
136800,-79.73887023033697
140400,-53.40456932225265
144000,-40.81957976909262
