time,vpos
111600,10.017578152490039
115200,-44.991210923754984
118800,-99.99999999996103
122400,-99.99999999996054
126000,-99.99999999999947
129600,-99.99999999999997
133200,-96.73104538515341
136800,-79.31180346272002
140400,-49.94751960280494
144000,-17.367275036210813
147600,-0.0010270219450007122
