time,vpos
115200,-99.99999999999987
118800,-99.9999999999989
122400,-99.9999999999852
126000,-99.9999999999816
129600,-99.99999999997262
133200,-96.72947482923489
136800,-79.23669165701743
140400,-49.25810234146202
144000,-16.25332875572946
147600,0.5105496105012832
151200,0.025985705057030718
