time,vpos
118800,-100.0
122400,-100.0
126000,-99.99999999999365
129600,-99.9999999999885
133200,-96.77750710668066
136800,-79.64809873184329
140400,-49.92845387079798
144000,-17.06085064120491
147600,-0.004988732270464996
151200,0.0010605247430707377
154800,0.006121722898246126
