time,vpos
126000,-99.99999999999697
129600,-99.9999999999985
133200,-96.78767702435754
136800,-79.7570044766975
140400,-50.20343098076281
144000,-17.242001159962093
147600,-0.04329537444646225
151200,-0.023257310759444146
154800,-0.03725170474559546
158400,-0.06193110047273834
162000,-0.025077927158773893
