time,vpos
129600,-99.99999999999993
133200,-99.99999999999997
136800,-82.83622835105524
140400,-49.925331298814534
144000,-17.085969696322163
147600,0.04756122300505482
151200,0.04988578053109774
154800,0.009515845160115464
158400,-0.019244711030226198
162000,-0.023461699779196692
165600,-0.0003179051040575585
