time,vpos
133200,-100.0
136800,-99.9999999999999
140400,-66.20513086721736
144000,-16.186793955227387
147600,-0.013513200417577772
151200,0.01576436171942585
154800,0.051204082346742466
158400,0.026958535451023013
162000,0.018053449643299854
165600,-0.03515990943032962
169200,-0.05968886368452387
