time,vpos
136800,-99.99999999999999
140400,-99.99999999999999
144000,-49.99502993457832
147600,0.007937415143340225
151200,0.002702265291263688
154800,-0.0014904422468218427
158400,0.010402532481201546
162000,0.008678335856836408
165600,0.000471473965464752
169200,0.00646110199400623
172800,0.00608014717551964
