time,vpos
140400,-32.66719140091992
144000,-16.364859146264028
147600,-0.0733184309284718
151200,0.171237199771451
154800,0.34866184620528207
158400,0.07632582329204622
162000,-0.13665204536719278
165600,-0.03533227151629573
169200,0.010032998282375475
172800,0.0324871463056693
176400,0.12946016771362373
