time,vpos
144000,1.6894152146019383
147600,1.6999224618083737
151200,1.7144257162411345
154800,1.7225076188675699
158400,1.742499802594545
162000,-2.155853124205635
165600,-2.989437517780394
169200,0.02400128140200356
172800,-0.06724576624942663
176400,-0.042681190553885646
180000,0.005894410423195602
