time,vpos
147600,-0.1894590223159261
151200,-0.2624175727383135
154800,-0.39492892955931663
158400,-0.22905037725277527
162000,0.1856272466167427
165600,0.3602268356305987
169200,0.2793948214652326
172800,0.07547029440524836
176400,-0.09003728524494535
180000,-0.054758974533793005
183600,0.008287726782429752
