time,vpos
151200,0.401626798641959
154800,0.40569421079504187
158400,0.409087136561994
162000,0.4044178342921747
165600,0.21565202091992286
169200,0.2269059000187539
172800,0.4228065724924044
176400,0.4206136292898936
180000,0.26342362998938706
183600,0.06635724438185929
187200,0.024412118986070985
