time,vpos
154800,1.0389305939978501
158400,1.0605656588333723
162000,1.0757428574658598
165600,0.5759144817659974
169200,0.36505858254279555
172800,0.3123229285749819
176400,0.010144377628883235
180000,0.12299344186539218
183600,0.18938410765057356
187200,0.08728282227951586
190800,-0.0014317779355554857
