time,vpos
158400,1.4126408400574626
162000,1.4171173531658483
165600,1.0003504068947264
169200,0.5716653294318296
172800,0.5518663999458401
176400,0.5333248028432451
180000,0.5409155808185745
183600,0.5697573485705656
187200,0.26642483868790784
190800,-0.0576297625749818
194400,-0.06328514987854678
