time,vpos
162000,-0.16827038205081182
165600,0.03628575800655427
169200,1.178807856731268
172800,1.1230964083444916
176400,0.21807302024551786
180000,0.6515261548832774
183600,0.5643386109060039
187200,0.03897861481942039
190800,-0.024383088987858934
194400,-0.029046258442573265
198000,-0.06372106051670909
