time,vpos
165600,-0.13925044721190796
169200,-0.2751819169432047
172800,-0.4209041246073738
176400,-0.39114705006574046
180000,-0.24211739183426875
183600,-0.22120641357441442
187200,-0.2687068998453624
190800,-0.2869458442094396
194400,-0.19652344635227872
198000,-0.04848398453405559
201600,-0.05017624616323428
