time,vpos
169200,-1.2185493980868536
172800,-0.7308878562296284
176400,0.24418816453196163
180000,0.6795472043542439
183600,0.7179224640549094
187200,0.7689406019724745
190800,0.7234822102779738
194400,1.1680836121991893
198000,1.046499582569956
201600,0.1272752081942489
205200,-0.2197179038016917
