time,vpos
18000,27.17097298334287
21600,27.4695855655221
25200,27.970505462893936
28800,14.129921349084661
32400,0.09394617493937872
36000,0.09354331531514022
39600,0.05179300309320435
43200,0.013188130709375582
46800,0.005062582873085297
50400,-0.011821380075068997
54000,-0.024753469829664095
