time,vpos
187200,-44.26097869158346
190800,-44.38774548489043
194400,-44.641778742426055
198000,-44.88920537827164
201600,-72.50468277494335
205200,-99.9999999999989
208800,-99.99999999999972
212400,-99.99999999999203
216000,-99.99999999998846
219600,-97.51913055109861
223200,-95.03826110220466
