time,vpos
190800,-53.90229283287169
194400,-54.05363571617171
198000,-54.3740829301774
201600,-77.27159363044025
205200,-99.99999999998279
208800,-99.99999999997944
212400,-99.9999999999917
216000,-99.99999999999064
219600,-96.629232180774
223200,-88.42543363185142
226800,-83.59240290214349
