time,vpos
198000,-81.6415108789343
201600,-90.82075543946715
205200,-100.0
208800,-100.0
212400,-100.0
216000,-100.0
219600,-96.20747742288694
223200,-84.68254674779698
226800,-68.77510364437278
230400,-30.2985886619658
234000,0.002891314993897286
