time,vpos
201600,-99.99999999999058
205200,-99.99999999998906
208800,-99.99999999997972
212400,-99.99999999998221
216000,-99.9999999999931
219600,-96.22290911562934
223200,-84.48318925702154
226800,-67.12016491199702
230400,-28.858620016080454
234000,0.0017553569966955417
237600,0.0009812049383274221
