time,vpos
205200,-100.0
208800,-100.0
212400,-100.0
216000,-99.9999999999675
219600,-96.25011290160379
223200,-84.50235892032856
226800,-66.58649888428168
230400,-28.34516153102627
234000,-0.003981210212526188
237600,-0.003819689039217064
241200,-0.021494288527140554
