time,vpos
208800,-100.0
212400,-99.9999999999972
216000,-99.9999999999972
219600,-96.25997198957538
223200,-84.51907428877993
226800,-66.39271291019655
230400,-27.877736998253166
234000,0.5157947700128648
237600,0.5115526234564001
241200,0.21522562759025335
244800,-0.07281167718418763
