time,vpos
212400,-99.99999999910403
216000,-99.99999999946874
219600,-96.26413045741945
223200,-84.52838115311346
226800,-66.32616248627828
230400,-27.905325860754843
234000,0.15989584797200812
237600,0.017700320348146985
241200,0.057478805636272334
244800,0.489087469007402
248400,0.891998131319951
