time,vpos
21600,28.36333882248285
25200,27.974537800351072
28800,13.831285635105425
32400,0.07522598116319759
36000,0.04441360860851109
39600,0.01731850585469727
43200,0.005600270811254809
46800,-0.0584587373438186
50400,-0.034996508575784235
54000,0.13762985459437152
57600,0.23656197485738156
