time,vpos
216000,-100.0
219600,-99.99999999999146
223200,-88.1856901181434
226800,-66.11009651888358
230400,-27.895576842431634
234000,0.07828641314374901
237600,0.08218032085888755
241200,0.08131999787648199
244800,0.04707801194098052
248400,-0.006160175778375452
252000,-0.00928331171603644
