time,vpos
219600,-99.99999999948847
223200,-99.99999999973748
226800,-77.56244231995588
230400,-27.312209722444976
234000,0.5370441967548495
237600,0.30269570024083914
241200,0.030585514596701176
244800,0.039359913291873626
248400,0.031289676526214096
252000,-0.05789650232342833
255600,-0.12905535830161824
