time,vpos
223200,-100.0
226800,-100.0
230400,-49.98342066102237
234000,0.006890892530745818
237600,-0.014884781033474364
241200,0.004680019570073197
244800,0.03561465199409694
248400,0.029633800145597532
252000,0.02381193561545447
255600,0.024701909059831436
259200,0.009570951505082017
