time,vpos
226800,-99.99999999999947
230400,-50.029116652455244
234000,-0.03840977536630296
237600,-0.008354909177609988
241200,-0.003976912286775256
244800,0.006493918607552947
248400,0.017363853444473606
252000,0.015187707249461627
255600,0.014525295265035487
259200,0.010584793665059527
