time,vpos
25200,27.586092312514022
28800,13.699155565251855
32400,-0.13487153039491323
36000,-0.08250769053915513
39600,-0.040404837667251434
43200,-0.003402596044951293
46800,0.06480016671069906
50400,0.1386821655053327
54000,0.11367958569121683
57600,0.040743588322803524
61200,-0.0071570162017545475
