time,vpos
32400,-0.09706807123149881
36000,-0.08994358331403875
39600,-0.02765133702089242
43200,0.02858962052173066
46800,0.048915014807374035
50400,0.0397978309708681
54000,-0.020007876518023833
57600,0.041287092940646704
61200,0.0813269546814732
64800,-0.011304582173576872
68400,-0.05124468277710349
