time,vpos
0,-8.866305573047482
3600,-9.182764554094105
7200,-9.654920070732764
10800,-9.329941248814034
14400,-5.838208375449138
18000,1.2537692359253683
21600,5.33468933144575
