time,vpos
3600,-9.418687845104987
7200,-9.591969470898617
10800,-9.318494835666355
14400,-5.882824865020922
18000,1.1702537306323637
21600,0.5502568439989055
25200,-4.133904928668296
