time,vpos
36000,-2.772181034029247
39600,-2.890930275210422
43200,-4.707768508435377
46800,-7.473580786291508
50400,-9.066010059345606
54000,-8.705991540988459
57600,-7.821267035389562
