time,vpos
39600,-3.0229655504252775
43200,-4.708457129957609
46800,-7.433370403363229
50400,-8.977803918393441
54000,-8.604371429095186
57600,-8.899546462858932
61200,-10.073165807077855
