time,vpos
43200,-6.418857884315426
46800,-7.470156053440423
50400,-9.028632787695395
54000,-8.647491311811947
57600,-8.9171872705116
61200,-10.452429817575954
64800,-10.829656364927231
