time,vpos
46800,-8.543312842802052
50400,-9.05589950680715
54000,-8.678016557578305
57600,-8.963370616852517
61200,-10.496076551427839
64800,-10.888325634974526
68400,-10.923692456454042
