time,vpos
50400,-9.602566196097301
54000,-8.716926621628202
57600,-8.966291637731082
61200,-10.483117271698351
64800,-10.914734026496308
68400,-11.174399426635434
72000,-11.384269115371888
