time,vpos
54000,-7.815866809977805
57600,-8.948666924375951
61200,-10.47093108524538
64800,-10.917819576161037
68400,-11.187815908187071
72000,-11.506375693767563
75600,-11.612363591766393
