time,vpos
57600,-10.07682155612694
61200,-10.467738134083907
64800,-10.907732621646467
68400,-11.174347496684463
72000,-11.504776563221963
75600,-11.616238789235123
79200,-11.614808914143184
