time,vpos
61200,-10.860124795212712
64800,-10.942004497127368
68400,-11.156734006292043
72000,-11.440690454967342
75600,-11.630966511343798
79200,-11.641963898528294
82800,-11.613791870761613
