time,vpos
64800,-10.988100108141701
68400,-11.194228189673549
72000,-11.501653863391859
75600,-11.610427022549107
79200,-11.602454416494105
82800,-11.96850250026024
86400,-12.34999875705216
