time,vpos
68400,-11.429552607626164
72000,-11.526972570977481
75600,-11.617642497211348
79200,-11.591784227557648
82800,-11.961588941956252
86400,-12.348443498734355
90000,-12.346385108577602
