time,vpos
7200,35.94937105417946
10800,36.473986205459205
14400,40.03440326095851
18000,47.133471207625725
21600,46.451215533131716
25200,45.18700244430512
28800,48.66831107242019
