time,vpos
72000,-11.68938634447648
75600,-11.657354046368303
79200,-11.588250273128441
82800,-11.94030935332746
86400,-12.336060100151641
90000,-12.343048234176246
93600,-12.343416176707377
