time,vpos
75600,-11.647436047434374
79200,-11.614289896600592
82800,-11.951666656629081
86400,-12.319952579378393
90000,-12.322734447589337
93600,-12.141117867406631
97200,-11.954482430900027
