time,vpos
79200,-11.59958563263505
82800,-11.975141543241508
86400,-12.335998289729146
90000,-12.319970442346346
93600,-12.133264541398994
97200,-11.756658810762241
100800,-11.565430297808858
