time,vpos
82800,-12.364721225392222
86400,-12.356339853104014
90000,-12.335332558234843
93600,-12.131125128608744
97200,-11.749767175503868
100800,-10.878525095469525
104400,-10.197059461494923
