time,vpos
86400,-12.372339566749606
90000,-12.357989493180717
93600,-12.138579623952358
97200,-11.739700976220139
100800,-10.875093229862273
104400,-4.596283178650685
108000,1.0117379782757931
