time,vpos
90000,-12.35259838782671
93600,-12.154631095801706
97200,-11.75840435413502
100800,-10.88323889348886
104400,-4.612932497921961
108000,9.950659824684454
111600,18.920851762728454
