time,vpos
93600,6.964220815945047
97200,7.175034946533305
100800,8.087134891530837
104400,14.397623477604565
108000,28.94155084038081
111600,43.2032072102974
115200,48.5301389891022
