time,vpos
97200,8.834269292833827
100800,9.54033697976328
104400,15.857852784451914
108000,30.41651570292266
111600,44.69333258213213
115200,43.709109538974054
118800,37.395284417318074
