time,vpos
100800,10.658065900770486
104400,16.270987261206816
108000,30.845901891027026
111600,45.13690615196355
115200,24.906001741655558
118800,-0.22919305927916858
122400,0.19552754164675043
