time,vpos
104400,23.821449271034957
108000,32.78665874244681
111600,47.07911861561983
115200,11.663513091875796
118800,-28.650184428299763
122400,-31.21489349795346
126000,-34.20876097293679
