time,vpos
10800,39.96465413899599
14400,42.98622967592313
18000,50.05060148286332
21600,49.37033431958407
25200,48.17452770424667
28800,29.45852632000136
32400,7.215268117801123
