time,vpos
108000,63.10627513883604
111600,68.4173037179164
115200,17.10473182710715
118800,-39.093011301968126
122400,-41.66338592830419
126000,-46.353293022611496
129600,-48.04696814976842
