time,vpos
111600,99.99999999999595
115200,39.98735892929437
118800,-19.599158377291282
122400,-22.175086966076822
126000,-26.863338529934477
129600,-30.647442724998957
133200,-32.74534770910725
