time,vpos
115200,-37.62646597595074
118800,-37.1895064836522
122400,-39.749546875589104
126000,-44.4521872305175
129600,-48.2783876023784
133200,-48.359059934163
136800,-46.31917236477966
