time,vpos
118800,-56.01882725018695
122400,-59.0299171094628
126000,-63.72081553416684
129600,-67.15599618819189
133200,-57.61527032078374
136800,-35.51131215573003
140400,-24.70345194668136
