time,vpos
122400,-99.99999999999987
126000,-99.99999999999987
129600,-84.38181619989058
133200,-58.01680259841986
136800,-36.44151870294523
140400,-16.507414720615515
144000,-7.401764832398975
