time,vpos
126000,-100.0
129600,-99.99999999987969
133200,-75.41370034466703
136800,-40.027147631659844
140400,-19.580318316218957
144000,-8.691439366543039
147600,-7.449136674393151
