time,vpos
129600,-100.0
133200,-99.99999999998519
136800,-65.08383028919273
140400,-20.44430401158654
144000,-9.085036026082157
147600,-8.09892930382317
151200,-8.748734000239992
