time,vpos
133200,-100.0
136800,-100.0
140400,-54.82388805474604
144000,-8.548451479375494
147600,-8.098934478447802
151200,-9.292635771822319
154800,-9.836529436007952
