time,vpos
136800,-99.99999999998816
140400,-99.99999999999409
144000,-53.72456620525593
147600,-8.098926646530046
151200,-9.292620644321854
154800,-10.002317588436938
158400,-10.168114770778393
