time,vpos
140400,-52.721461689375374
144000,-30.096499495926466
147600,-8.102885559130206
151200,-9.272232536277034
154800,-9.973738003886847
158400,-10.292788538299845
162000,-10.448332325597214
