time,vpos
14400,51.37547482366504
18000,55.44735680844717
21600,54.76123057032123
25200,53.52829403966015
28800,32.167044899542944
32400,1.1043814579189233
36000,-5.071961151340889
