time,vpos
144000,-7.483228098180309
147600,-8.12314445915307
151200,-9.303058006317446
154800,-10.010216353013638
158400,-10.34343230320138
162000,-10.495135470146563
165600,-10.480783847408574
