time,vpos
147600,-8.763360714856022
151200,-9.303173623647924
154800,-10.007267864261
158400,-10.340288230081175
162000,-10.50809818196255
165600,-10.464943978980212
169200,-10.422718858115502
