time,vpos
151200,-9.919893861907376
154800,-10.060844748924925
158400,-10.3304915254461
162000,-10.467723339865175
165600,-10.398906869613306
169200,-10.491535369610439
172800,-10.661516264774894
