time,vpos
154800,-10.210164480401081
158400,-10.368800712493396
162000,-10.490296674883815
165600,-10.423924764463841
169200,-10.569698989404177
172800,-10.930867881019017
176400,-11.117030906975446
