time,vpos
158400,-10.468922765661675
162000,-10.46046504101128
165600,-10.390257113707689
169200,-10.577006466270527
172800,-10.996509457247743
176400,-11.369472969380192
180000,-11.571433045751457
