time,vpos
162000,-10.506090264030279
165600,-10.467917589469817
169200,-10.635801640167797
172800,-11.015627886468321
176400,-11.347313538930672
180000,-11.650865833670768
183600,-11.796501996990594
