time,vpos
165600,-10.44024260792214
169200,-10.635328540366611
172800,-11.007836453316697
176400,-11.355250764674517
180000,-11.661173255882789
183600,-11.478457932062666
187200,-11.159812447886479
