time,vpos
169200,-10.840367552616799
172800,-10.989134827569902
176400,-11.357202057151563
180000,-11.708221025556021
183600,-11.500365834576323
187200,-10.742410634206578
190800,-10.324029638592428
