time,vpos
172800,-11.174936306615422
176400,-11.333477209492978
180000,-11.692061812756476
183600,-11.536148677325748
187200,-10.748697348030872
190800,-6.577796091902402
194400,-2.838389329252144
