time,vpos
176400,-11.504593973755574
180000,-11.655008935312237
183600,-11.503091192910672
187200,-10.765178043399152
190800,-6.561699373021374
194400,2.449868726173031
198000,7.693538600542952
