time,vpos
18000,79.26599484044571
21600,74.5282545644306
25200,73.22324499048469
28800,42.00653291289068
32400,1.1071746711107218
36000,-3.97627310014297
39600,-2.809805409279913
