time,vpos
180000,-11.819686070176497
183600,-11.498621885949028
187200,-10.760107264086225
190800,-6.563444485340258
194400,2.482066564737423
198000,18.48795422135342
201600,29.227543169002367
