time,vpos
183600,-33.26094335378173
187200,-32.859156023691774
190800,-28.690656549555683
194400,-19.66596121984907
198000,-3.6328317193439057
201600,11.691986527942799
205200,16.241658460384794
