time,vpos
187200,-56.92938739967431
190800,-53.15899303655228
194400,-44.13613069838153
198000,-28.14434780344236
201600,-24.237693806461948
205200,-29.598301543907834
208800,-28.12624835844368
