time,vpos
190800,-53.356371163466974
194400,-48.10271253473762
198000,-32.111999766976936
201600,-48.98767124142134
205200,-75.12722070271496
208800,-74.21405834171269
212400,-74.77407213289251
