time,vpos
194400,-39.668314578442185
198000,-28.934350958835132
201600,-58.82738980522964
205200,-97.99531610083882
208800,-97.08660362640057
212400,-97.38868130140223
216000,-97.14039528044971
