time,vpos
198000,2.6620347453084876
201600,-48.36686461300141
205200,-97.9317070519405
208800,-97.06714055212933
212400,-97.45229510024018
216000,-80.57856822558003
219600,-63.91917722236866
