time,vpos
201600,-74.05189437635994
205200,-72.60049567210525
208800,-71.73044627887029
212400,-72.09051705336027
216000,-67.89420786959286
219600,-55.22553358222196
223200,-46.5318899420887
