time,vpos
205200,-99.99999999997476
208800,-99.99999999998738
212400,-99.99999999999946
216000,-82.05626665016601
219600,-55.533742627168245
223200,-37.99899161190911
226800,-29.04303126981482
