time,vpos
208800,-99.99999999999964
212400,-99.99999999999912
216000,-86.20696542598273
219600,-61.58098074282206
223200,-41.755199490858146
226800,-26.3965387527863
230400,-20.030709157533533
