time,vpos
212400,-100.0
216000,-99.999999999932
219600,-77.63067789912236
223200,-45.65144260121398
226800,-28.215535114057115
230400,-13.095761481500723
234000,-5.801982138934436
