time,vpos
21600,60.68362439796135
25200,64.19157476207758
28800,37.48854756572348
32400,1.0490990215264193
36000,-3.948470822094648
39600,-2.8200386915563866
43200,-2.9225077011237897
