time,vpos
216000,-100.0
219600,-99.99999999995114
223200,-69.63438333886607
226800,-30.802332873894223
230400,-14.068959856178026
234000,-6.868478152142263
237600,-7.934935661887042
