time,vpos
219600,-99.999999999998
223200,-99.99999999999373
226800,-62.660059128620716
230400,-15.561092004395475
234000,-6.865588013918196
237600,-8.413219530495391
241200,-8.897328784693393
