time,vpos
223200,-99.99999999997128
226800,-99.99999999998563
230400,-52.901056600636586
234000,-6.8685087556254185
237600,-8.416244593475518
241200,-9.020559114723806
244800,-9.143533352474229
