time,vpos
226800,-99.99999999998869
230400,-52.9009406595531
234000,-6.868457142387848
237600,-8.416245522211337
241200,-9.0206832162122
244800,-9.313891285651135
248400,-9.483874217642354
