time,vpos
230400,-5.892622389777856
234000,-6.932004745311975
237600,-8.451731210858583
241200,-9.012214412544358
244800,-9.230881334680943
248400,-9.725181748903628
252000,-10.080954332663019
