time,vpos
234000,-7.9951610649245195
237600,-8.47204871073433
241200,-9.05998081417952
244800,-9.293663924367337
248400,-9.670462262477939
252000,-10.23865189161606
255600,-10.552681835196017
