time,vpos
237600,-8.957673620499756
241200,-9.074648814661272
244800,-9.34768348902101
248400,-9.735526158831428
252000,-10.174901743031437
255600,-10.826473944770704
259200,-11.270453751922151
