time,vpos
241200,-9.175304308602284
244800,-9.350888701596283
248400,-9.782215262165664
252000,-10.211256453189488
255600,-10.804169496286905
259200,-11.223783515935878
