time,vpos
25200,2.8875137005023874
28800,5.023743070973132
32400,0.999698333513303
36000,-3.9599789124518128
39600,-2.8614496367805353
43200,-4.664530235519164
46800,-6.365543247963615
