time,vpos
28800,7.268871924755431
32400,1.131584372329459
36000,-3.8894427656537225
39600,-2.9089561414075766
43200,-4.76085906060346
46800,-7.533526365007185
50400,-8.590064540411671
