time,vpos
32400,-4.486194361140104
36000,-3.319744983413602
39600,-2.2865482880772796
43200,-4.124445771657181
46800,-6.8913139101888605
50400,-8.472754685971182
54000,-8.991972124411546
