_run_,RExt,_error_,occheff,shgc,tmass
1,4.0,0.8364430750211512,2.083713064266142,4.608966913577263,50.0
