RExt,occheff,shgc,tmass
4.0,2.083713064266142,4.608966913577263,50.0
