tmass,shgc,occheff,RExt
1.0,0.4608966913577263,0.6334852257064568,1.0
