tmass,shgc,occheff,RExt,Tve,Vi,maxHeat,maxVent
50.0,4.608966913577263,2.083713064266142,4.0,21.0,486.5,2689.0,4800.0
