time,vpos
36000,-0.02493489328167949
39600,-16.541653064218675
43200,-7.953796951733132
46800,28.507900454091416
50400,-12.230597702046584
54000,-45.49981937015042
57600,-21.656388060430093
61200,2.334815943942649
64800,4.018683301619697
68400,-10.65695493040728
72000,-8.042288215022715
