time,vpos
46800,-85.99350005825914
50400,-13.68044731961029
54000,27.49167563498178
57600,-51.82462704207356
61200,-99.92785586355306
64800,-57.97102031170196
68400,7.5737626211022295
72000,5.096939576271721
75600,-40.389332396842185
79200,-39.29195730920212
82800,-18.845224745750794
