time,vpos
50400,63.28839266098064
54000,27.554690140678623
57600,-0.8935033192498005
61200,-6.563702179969
64800,-19.908431056766446
68400,-10.32761918528718
72000,-1.8014935761434665
75600,8.541700425319414
79200,-2.5260773001573185
82800,-20.85985652906328
86400,-16.338956812989423
