time,vpos
57600,-80.75836558005123
61200,-74.16743281033082
64800,-67.7180575674101
68400,-67.8851340730129
72000,-68.5307928915946
75600,-47.247106443394586
79200,-38.17428269447943
82800,-33.695787915098855
86400,-3.2554957508169577
90000,22.349650201948272
93600,34.824001308875616
