time,vpos
64800,-7.592477571912372
68400,-37.809706581515165
72000,-38.432570332898386
75600,-17.95109107701426
79200,-21.215533205049887
82800,-16.959680478541344
86400,9.601653554591284
90000,21.342354277434925
93600,52.461605227790756
97200,48.162121932973264
100800,-3.669836770280335
