time,vpos
68400,-68.82779075402401
72000,-84.41389537701201
75600,-99.99999999987264
79200,-60.61468985793255
82800,-7.357637565833072
86400,17.07839958329149
90000,7.582810848346902
93600,2.5901720438583777
97200,51.84961274819453
100800,48.349509699075
104400,10.6572108749132
