time,vpos
72000,-10.959153134007611
75600,-10.168498959336873
79200,-6.897207589454493
82800,-19.648443867192462
86400,-17.010270625373906
90000,-7.426579892937404
93600,-7.81784168629507
97200,-3.695762856219589
100800,-2.764008560436568
104400,1.0393419224748381
108000,0.1379227507047028
