time,vpos
75600,-14.765358967108396
79200,-20.905448691412147
82800,-24.195046127698767
86400,-20.8254464506928
90000,-15.140402614546709
93600,-15.605512229955872
97200,35.748614636145234
100800,39.753237210141066
104400,-8.805834504178819
108000,16.49943824370252
111600,37.383232351232024
