time,vpos
79200,-0.01684513490738154
82800,7.118237496372407
86400,5.248507753512045
90000,-1.1844854201500288
93600,0.21388015178247563
97200,41.30417038778494
100800,89.12092674056117
104400,95.90185081158683
108000,95.66147218078616
111600,75.29506665661255
115200,56.39695134603703
