time,vpos
86400,41.72711800213405
90000,41.78358871806428
93600,42.027473821191684
97200,42.323195938406
100800,42.56603239972762
104400,42.758166466048195
108000,42.994206196957144
111600,68.26122075216749
115200,-3.3250995442569433
118800,-99.99999999999945
122400,-100.0
