time,vpos
90000,-1.3498719902786072
93600,-0.9750730952585982
97200,-0.33442485202456423
100800,1.12322961677628
104400,1.5715357615429095
108000,2.7089380401404
111600,2.1160098178750015
115200,-50.17890982929421
118800,-99.99999999989018
122400,-99.99999999994698
126000,-99.99999999989396
