time,vpos
93600,-0.29954096873307234
97200,-1.4847796454981255
100800,-1.3016117472619648
104400,0.17071243172133563
108000,0.782292737599561
111600,0.575663409314345
115200,-50.06931431035772
118800,-99.99999999992004
122400,-99.99999999999197
126000,-99.9999999999911
129600,-99.99999999998992
