time,vpos
97200,-2.4071347949580995
100800,-1.0691599876815154
104400,0.018957551235671454
108000,-1.233298558686582
111600,9.684457561771678
115200,-39.19769373809877
118800,-99.99999999999517
122400,-99.99999999999456
126000,-99.99999999997888
129600,-99.99999999998433
133200,-100.0
