time,vpos
100800,99.99976374741976
104400,50.15410582131709
108000,-49.84568081058837
111600,-0.0006019653757849408
115200,0.08381662220459107
118800,-99.90929009379036
122400,0.005160448279228902
126000,99.91430169484086
129600,0.2022242470864244
133200,-1.9334731887246992
136800,95.5592797751507
