time,vpos
104400,-3.1498000870598655
108000,-2.4137421856153742
111600,-15.947033415995055
115200,-65.10819127390961
118800,-99.9999999999511
122400,-99.9999999999511
126000,-93.81047908232642
129600,-87.05440173702893
133200,-42.51889400123148
136800,0.7556565680722519
140400,0.06125582920247498
