time,vpos
10800,36.95179853347369
14400,36.81958661405938
18000,61.8673086246841
21600,93.51726056137491
25200,88.71676578199441
28800,40.3813955523095
32400,9.662758977471757
36000,-3.0473205917430746
39600,-11.313512296959786
43200,-0.38908928707736096
46800,-0.25477501000794117
