time,vpos
108000,99.99270216645736
111600,99.99635108321996
115200,47.32882282366289
118800,-48.91336750022261
122400,-96.24217106465387
126000,-99.96934768021364
129600,-99.96936693769737
133200,-92.75566251152718
136800,-67.57595842745594
140400,-35.51325810432869
144000,-21.3859243803131
