time,vpos
129600,-99.99999999990148
133200,-99.99999999995075
136800,-83.03573744267784
140400,-50.38488472563022
144000,-26.563190679700256
147600,-8.441029012744208
151200,0.6325823667042975
154800,0.18954631820984252
158400,2.2065647485435984
162000,0.6100142820346522
165600,-2.533144261999475
