time,vpos
133200,-99.38059952477654
136800,-99.12561963040672
140400,-99.43531986801844
144000,-99.99999968447776
147600,-40.483524884400154
151200,8.073667329970375
154800,-0.6744227494636997
158400,0.8465190355494435
162000,0.3955613820043857
165600,0.35142895725163836
169200,0.06800378030632928
