time,vpos
140400,-99.67693715277167
144000,-99.71333837866064
147600,-98.89779087305193
151200,-98.08779978380863
154800,-81.38072263290141
158400,-82.31584391986375
162000,-99.99999999999383
165600,-61.79642100779138
169200,-6.708514503178275
172800,53.91066316432721
176400,97.64551331942822
