time,vpos
14400,16.537870635633304
18000,53.2233350681097
21600,93.62551313262152
25200,98.67111338232843
28800,43.88103638432348
32400,-3.9308151662605124
36000,4.393561370149455
39600,0.010968482620401718
43200,-6.494426913421145
46800,-4.299683758713959
50400,0.0005974331882172739
