time,vpos
144000,-27.673212866383608
147600,-22.154126775879572
151200,-50.2484696478832
154800,-51.446853305456365
158400,-59.51581128956385
162000,-63.23500135950242
165600,-10.743524161438195
169200,4.928860472978275
172800,2.057226876221624
176400,0.17831707067664415
180000,1.1167615173439465
