time,vpos
147600,-49.73839188363653
151200,-56.069207038474126
154800,-65.88986627778613
158400,-57.25044090251452
162000,-32.73646845548761
165600,-56.82705940132239
169200,-46.39458789209915
172800,33.7423964587911
176400,83.48580768367123
180000,76.40088314022294
183600,52.80176628044588
