time,vpos
151200,-94.04626033817482
154800,-94.14896068751875
158400,-94.82041781644061
162000,-95.76003195892876
165600,-96.5556763913163
169200,-96.88474185129527
172800,-50.5241255294034
176400,4.388410580148233
180000,13.02991399263363
183600,11.454479993186784
187200,9.885183978412657
