time,vpos
165600,52.05101349747066
169200,76.02432912447372
172800,37.62774756443509
176400,-15.499342757414247
180000,-6.0778612236373055
183600,-26.558714444900684
187200,24.383877741649737
190800,90.24482280082802
194400,79.95867937498153
198000,73.67773461139015
201600,71.94175825642512
