time,vpos
169200,-15.00044788601822
172800,-15.654535024572313
176400,-18.8515807928192
180000,-8.593772463338171
183600,51.78936246018277
187200,99.68586521226494
190800,100.0
194400,99.99999999999997
198000,54.80144424144655
201600,-6.303403894561402
205200,-22.209696272015968
