time,vpos
172800,-95.36618975777812
176400,-45.68154308674245
180000,44.08293210796465
183600,83.07192393927257
187200,66.40103601708624
190800,58.564616042522765
194400,74.06324008634128
198000,81.64682152587294
201600,-9.262294911577301
205200,-99.9993265672088
208800,-99.99865313441761
