time,vpos
176400,99.99999947632392
180000,99.87721785840624
183600,55.27080405667745
187200,5.076467374329356
190800,33.61007141149304
194400,83.92707505279205
198000,21.883776753126828
201600,-78.1161083259749
205200,-99.99999998003611
208800,-99.97408817307227
212400,-99.9481763858854
