time,vpos
180000,-12.024111175103101
183600,15.391012632289922
187200,29.71772738303951
190800,38.20022301312017
194400,43.87864206390206
198000,11.040398407702453
201600,-52.951761219744675
205200,-99.99907607291286
208800,-99.99999454563333
212400,-99.99894936773318
216000,-99.99789896309103
