time,vpos
183600,-74.47264686638599
187200,-51.65556669649944
190800,35.5524520405976
194400,34.933784083160496
198000,15.759092738757785
201600,-19.09140490713343
205200,-99.71686825806036
208800,-0.27991357523183824
212400,-0.3668819950544078
216000,-99.91542293625261
219600,-99.99999025000893
