time,vpos
187200,-90.44838477729219
190800,-60.658566019626825
194400,-12.907579152803603
198000,11.430328557148899
201600,-28.31036894492445
205200,-87.02510475522509
208800,-97.76254871343322
212400,-34.61581856346352
216000,-31.64803111075877
219600,-72.31503042426594
223200,-54.6629417897327
