time,vpos
190800,86.840479931366
194400,89.78802132835617
198000,92.64648159764603
201600,46.828292860645895
205200,5.123989204963647
208800,-45.425603420709386
212400,-99.99999999999885
216000,-59.58417001587536
219600,-13.88944247313552
223200,-7.508540625793472
226800,-6.406536337068928
