time,vpos
198000,99.99999999999912
201600,74.48888381638213
205200,29.90069726019435
208800,-1.0457406842459709
212400,-25.852207004464383
216000,-19.222126088564195
219600,-2.9571701469197906
223200,-12.0180696633821
226800,-10.145052340549348
230400,-1.9034435144898103
234000,-1.2935278051206829
