time,vpos
205200,-99.99999919668544
208800,-99.99918680175561
212400,-34.528349561250636
216000,26.300977015596196
219600,-8.23008829222586
223200,4.344641473001454
226800,51.28135827125504
230400,-12.101716603124501
234000,-46.80105434128331
237600,-46.50797301012408
241200,-79.37024880911814
