time,vpos
208800,-99.99999999999723
212400,-99.9999952494284
216000,-99.99999523911549
219600,-84.3584850781218
223200,-16.44360747960036
226800,18.494064424063268
230400,-6.712843021725583
234000,-15.980306349014601
237600,-16.483433659164593
241200,-7.189403865211524
244800,1.2115065637831905
