time,vpos
21600,99.96894862766554
25200,99.98447431383224
28800,73.57365425015294
32400,20.459655320667142
36000,-5.878875575825734
39600,-5.637590278737194
43200,-5.714709328287037
46800,-2.992480027184599
50400,0.42435246993396664
54000,0.7104464177795193
57600,0.27121923310038065
