time,vpos
219600,-99.99999999998856
223200,-99.9999999999845
226800,-67.98754894626893
230400,4.659460798323744
234000,45.19552903868548
237600,59.08306262378298
241200,56.57711619460684
244800,17.806528355981854
248400,-6.333729079566326
252000,-3.8300792776213997
255600,0.535210586039821
