time,vpos
223200,-100.0
226800,-99.40566416322815
230400,-98.85583613076088
234000,-64.53463345626722
237600,33.72067272899043
241200,42.92470310284246
244800,-15.733363206452132
248400,-14.123184746780144
252000,-4.976483015830125
255600,-5.663248442634304
259200,-9.914036164029344
