time,vpos
25200,100.0
28800,63.33837927917102
32400,39.81675206978098
36000,-19.485066938442806
39600,-94.73729705709019
43200,-3.9406675465155305
46800,50.726851045803265
50400,-2.5018209061801358
54000,-11.181757166025848
57600,-5.104056004282032
61200,-4.635562017435408
