time,vpos
28800,5.94647065518486
32400,6.964092002466933
36000,3.6970941517653575
39600,-13.001869081044978
43200,-9.018458457927725
46800,-2.7135705936060455
50400,-3.2711428352786105
54000,-26.51301880378511
57600,-75.50072650220507
61200,-44.68045963002753
64800,2.3503444201137853
