time,vpos
32400,-1.2374608426906537
36000,-19.96504754347668
39600,-39.21911485469677
43200,-39.06399742202617
46800,-14.142071493721497
50400,2.847223198891851
54000,15.959636453432843
57600,-23.879603761192786
61200,-86.42484258644991
64800,-45.77092263563961
68400,-2.7744505213254578
