time,vpos
0,-99.99999805733917
3600,-50.258878519116344
7200,8.138216263620961
10800,13.162434261592445
14400,9.530677015049445
