time,vpos
3600,1.4437293040260357
7200,-0.8991716096363576
10800,-1.9688342750718357
14400,-1.063516762399029
18000,-1.4314374979531372
