time,vpos
36000,-4.07191013000514
39600,-1.8597578159061556
43200,-0.5349519973289009
46800,-0.8060845906966165
50400,-0.18987068854260236
