time,vpos
39600,-4.087126969724767
43200,-2.239856392349067
46800,-0.5781453150841603
50400,-0.4908933115790166
54000,-0.2180818079630799
