time,vpos
43200,0.19078702086854474
46800,1.4852590151839213
50400,1.4095610705953219
54000,0.41628311956751635
57600,0.7931751074436869
