time,vpos
46800,-5.294497985552419
50400,-1.7564787779832434
54000,1.3118329031360134
57600,-3.2100846177949416
61200,-7.262294612275976
