time,vpos
50400,-4.744183951246439
54000,-3.9575467182942665
57600,-36.34902085616562
61200,-53.17087197011379
64800,-36.814611713238406
