time,vpos
54000,-10.976053756236698
57600,-30.825060683075368
61200,-61.7114211646001
64800,-46.18039989702047
68400,-19.612025074754772
