time,vpos
57600,-90.80520179932815
61200,-89.9363515471951
64800,-88.2255271116599
68400,-93.07681324265549
72000,-98.77007355705327
