time,vpos
61200,-83.81292907993307
64800,-40.19695271036282
68400,-21.607289264110232
72000,-48.09153627257135
75600,-49.549470357714796
