time,vpos
64800,-0.011973041234472386
68400,-11.626666748140707
72000,-16.72317664315234
75600,-26.866849781023323
79200,-43.528706730788905
