time,vpos
68400,-53.18460286599852
72000,-27.92359094437961
75600,0.22648020586841772
79200,-8.116088662175143
82800,-19.34771675884783
