time,vpos
7200,-5.631318505625661
10800,-8.935202982476385
14400,-7.946709919266668
18000,-3.185394471597733
21600,-2.716456563989238
