time,vpos
72000,-22.68697362938131
75600,-25.460029991058953
79200,-26.23512162282965
82800,-14.16355220242849
86400,-4.089947511934279
