time,vpos
75600,-36.355781487323085
79200,-26.983012728205008
82800,-12.458231959185142
86400,-4.09178686052067
90000,-0.8773537717579917
