time,vpos
79200,-0.030012255214265246
82800,-0.7195007941478357
86400,-1.6036187020015837
90000,-1.6212494319311548
93600,-1.444250792940548
