time,vpos
82800,-14.816287614568918
86400,-11.655725817642779
90000,-6.220314239290337
93600,-2.645494436421026
97200,-1.3455244149780181
