time,vpos
86400,-14.3032240770151
90000,-10.118310627208164
93600,-2.8168720893257917
97200,-1.3219873829204845
100800,-2.9436277645906137
