time,vpos
90000,0.5399331410007722
93600,5.6983180165903855
97200,5.832212097770776
100800,0.49496058891638894
104400,0.18219987447122618
