time,vpos
93600,5.049716236427223
97200,5.331156575758811
100800,2.8078791795219384
104400,0.0015455194664978369
108000,-7.040502048285528e-05
