time,vpos
97200,11.793308000030237
100800,9.357986164275948
104400,5.010118286463864
108000,-0.01057398065142795
111600,-3.118720205708927
