time,vpos
100800,97.04675856844283
104400,95.28207813066612
108000,96.1645337721715
111600,99.4058283802636
115200,99.99998690907364
