time,vpos
104400,99.83964829362077
108000,99.58055823732566
111600,99.1824465412214
115200,41.01231646332331
118800,-17.018791974765655
