time,vpos
10800,-92.62487460340154
14400,-77.74471925827848
18000,-33.02679013188928
21600,-5.7484227805221
25200,-8.307829210421081
