time,vpos
108000,99.5832979783464
111600,98.93054215655596
115200,-0.8611068326168869
118800,-99.99999999999918
122400,-99.99999999999906
