time,vpos
111600,93.73608964626088
115200,-3.131955176867207
118800,-99.9999999999899
122400,-99.99999999999226
126000,-100.0
