time,vpos
115200,-99.99931235278517
118800,-99.52295616787914
122400,-99.35992441110953
126000,-96.66627356323346
129600,-93.65929828722096
