time,vpos
118800,-99.99999687989191
122400,-99.99999263531187
126000,-82.96538044158514
129600,-58.456878346521336
133200,-50.98298420060424
