time,vpos
122400,-99.9999999905477
126000,-55.93919388818234
129600,-45.2761044703223
133200,-34.573525991284505
136800,9.526769172258616
