time,vpos
126000,-99.99666126239254
129600,-99.99833063119625
133200,-98.30332335603758
136800,-69.2593656636873
140400,-41.91208461529942
