time,vpos
129600,-100.0
133200,-100.0
136800,-80.92600255088361
140400,-46.586116358741116
144000,-31.320227615714995
