time,vpos
133200,-100.0
136800,-66.40547489511914
140400,9.345254540568076
144000,75.75069733964965
147600,99.99993580792484
