time,vpos
136800,-100.0
140400,-99.99999999912083
144000,-17.847262462609898
147600,32.785053044519366
151200,1.264631016016857
