time,vpos
140400,-99.99999817155083
144000,-99.99999870288288
147600,-97.56978884894217
151200,-47.90991492086064
154800,-0.6802513780518734
