time,vpos
14400,99.99582844910418
18000,99.99771760053268
21600,99.97163881419117
25200,99.87032761724241
28800,99.7969843580637
