time,vpos
144000,-91.55360077486769
147600,-42.93201670736805
151200,52.8444564947024
154800,-0.0003271036127294735
158400,-99.99999983649866
