time,vpos
147600,-100.0
151200,-7.771561172376096e-14
154800,99.99627671565318
158400,0.005546070085210575
162000,-99.98146129113611
