time,vpos
151200,-99.99999998749873
154800,-99.99887851063029
158400,-1.3312418079878596
162000,-1.3304772537644671
165600,-99.9962279253151
