time,vpos
154800,-99.99999794927061
158400,-51.326992002905236
162000,-2.5409856965074127
165600,-51.213982472443305
169200,-99.99997960841166
