time,vpos
158400,-62.92184068436556
162000,-81.46092034218277
165600,-62.63681387319884
169200,-58.542276253684655
172800,-91.81092476097163
