time,vpos
162000,59.118163521549825
165600,-5.403430560737322
169200,-57.62805528930366
172800,-12.835879379191429
176400,19.65932717719999
