time,vpos
165600,-50.1228216944623
169200,-50.08832730397904
172800,-44.42190730680233
176400,-20.35444131736218
180000,-1.9189009346154715
