time,vpos
169200,-21.16159237368816
172800,-11.617068701125328
176400,-10.370638168143897
180000,-9.317216703573239
183600,0.03429790057881666
