time,vpos
172800,-48.13322395571218
176400,-24.07228677906208
180000,-10.070803779510676
183600,-9.981071153103413
187200,0.16811565040255133
