time,vpos
176400,-7.2239139119883085
180000,-18.635029908829853
183600,-22.604397985155376
187200,-10.368972133956602
190800,-5.575294203273846
