time,vpos
18000,99.9999968278417
21600,99.99999841383831
25200,99.9999999316443
28800,71.7018351684191
32400,43.40367047338452
