time,vpos
180000,-0.007358508236559686
183600,-13.592515514719421
187200,-15.104680916975127
190800,-2.9970798109398515
194400,-2.962470309131734
