time,vpos
183600,-39.32734872578953
187200,-30.707955560700896
190800,-12.03663577092353
194400,-1.0436068268249892
198000,-0.10250450741517472
