time,vpos
187200,99.69648768283984
190800,99.45261441643233
194400,99.60232254321011
198000,0.4792159874083213
201600,-99.03747196157875
