time,vpos
190800,100.0
194400,99.99999999137796
198000,99.99989224927371
201600,27.356163378173992
205200,-45.28745775944352
