time,vpos
194400,99.99999999999763
198000,99.99999999999875
201600,56.39379166359082
205200,-29.812095617694318
208800,-72.4117745625704
