time,vpos
198000,99.99999999999999
201600,50.99984683478189
205200,0.38729704522478847
208800,-2.348798210217338
212400,-3.472496841320452
