time,vpos
201600,-99.99999999999955
205200,-99.99999999999693
208800,-99.99999999998653
212400,-51.23072770677503
216000,-2.461455413571305
