time,vpos
205200,-99.99999999996064
208800,-99.99999999987192
212400,-99.99999999982447
216000,-50.32729558168686
219600,-0.6545911635079898
