time,vpos
208800,-99.99907885899918
212400,-99.9995394269318
216000,-99.99999999743221
219600,-51.275546742269015
223200,-2.551093484538035
