time,vpos
212400,-99.9999999999452
216000,-99.99999999994981
219600,-78.96740978469494
223200,-35.85280958572761
226800,-13.770799602019776
