time,vpos
21600,99.92334260869048
25200,99.96167130431346
28800,99.99999999996815
32400,99.99999999688538
36000,99.99999999377084
