time,vpos
216000,-99.99999999982874
219600,-99.9999999998449
223200,-69.95145190820698
226800,-26.23114605730194
230400,-12.559388298050992
