time,vpos
219600,-100.0
223200,-99.17703099734284
226800,-97.67362615663563
230400,-42.25753847648195
234000,12.478113365621676
