time,vpos
223200,-99.99999999999999
226800,-99.25906065227726
230400,-99.25902854903048
234000,-19.7149045255472
237600,60.57012674241204
