time,vpos
226800,-99.99999999999964
230400,-99.99968789667409
234000,0.00031191837572275283
237600,0.04999772561430915
241200,-99.90000417887134
