time,vpos
230400,-99.9659207541342
234000,-99.97471096324443
237600,-99.96471060454338
241200,-99.870783696077
244800,-99.79564735542192
