time,vpos
234000,-99.863346764423
237600,0.036531169894993276
241200,-0.03179530894966143
244800,-27.7020881250873
248400,44.59582347193771
