time,vpos
237600,-99.36822599211244
241200,-63.27025895115883
244800,-63.58609446731984
248400,-64.26111963851483
252000,-28.522342252595195
