time,vpos
241200,-99.90603216156848
244800,-99.91376743023794
248400,-99.8874872338131
252000,-91.89665973203776
255600,-83.93984769535669
