time,vpos
244800,-99.96871679778941
248400,-0.28114502902276683
252000,-0.2007395646303145
255600,-0.23782599410992478
259200,99.33225388078466
