time,vpos
248400,1.2883310728752162
252000,-49.35515827270347
255600,-49.90398138950107
259200,0.19068483928000318
