time,vpos
25200,99.99994977199572
28800,35.949467696456985
32400,-54.731069410310894
36000,-90.68047397413257
39600,-99.99982350672511
