time,vpos
28800,14.30755338086753
32400,3.5940908175951303
36000,0.366580243367258
39600,2.3417499950160057
43200,-3.169032242379774
