time,vpos
32400,-2.675660432152186
36000,-2.5650004598969747
39600,-2.6215531245652133
43200,-1.3127774611193501
46800,0.16321083924996244
