time,vpos
0,-8.806340770366987
3600,-9.134192231335254
7200,-9.646125431210063
10800,-9.338929805005588
14400,-8.847652439894574
