time,vpos
3600,-9.432227151786922
7200,-9.620180379591005
10800,-9.34241661652463
14400,-5.8761285493322
18000,-2.8755574730102267
