time,vpos
36000,-2.7166600245761017
39600,-2.866536270832034
43200,-4.749893048679208
46800,-7.549920347249916
50400,-8.61646711422938
