time,vpos
39600,-3.0085622945060475
43200,-4.708137747198003
46800,-7.491800350336356
50400,-9.090602264933862
54000,-9.605317029084974
