time,vpos
43200,-6.4097054369990705
46800,-7.479486796015326
50400,-9.072542601561192
54000,-8.712448835496552
57600,-7.829080622902304
