time,vpos
46800,-8.617769181512832
50400,-9.104121149503113
54000,-8.659002932715351
57600,-8.900678555664625
61200,-10.073824363391942
