time,vpos
50400,-9.595095369811762
54000,-8.702465520102695
57600,-8.942344541237315
61200,-10.453989061638415
64800,-10.833124711195829
