time,vpos
54000,-7.829488148846206
57600,-8.961156463063833
61200,-10.442104601546008
64800,-10.849538152214185
68400,-10.907691878617817
