time,vpos
57600,-10.034580809302835
61200,-10.448823741450951
64800,-10.901247579745581
68400,-11.165647468564671
72000,-11.39186645123725
