time,vpos
61200,-10.824829235945879
64800,-10.884732760112476
68400,-11.15810265890889
72000,-11.496801709330853
75600,-11.622034385123005
