time,vpos
64800,-10.945943760430865
68400,-11.133219194939013
72000,-11.465669213975152
75600,-11.630165592197507
79200,-11.649487385891872
