time,vpos
68400,-11.350022481264682
72000,-11.420216594466709
75600,-11.56645619226651
79200,-11.641230655457267
82800,-11.639959634050248
