time,vpos
7200,-9.841682787378813
10800,-9.333879717566273
14400,-5.7874267675442725
18000,1.3213168950764438
21600,5.3914106774876975
