time,vpos
72000,-11.561577666868914
75600,-11.529947399453933
79200,-11.551063348559579
82800,-11.99873156284195
86400,-12.393653560603695
