time,vpos
75600,-11.555709950936768
79200,-11.510230393619958
82800,-11.91449761693569
86400,-12.384887979787862
90000,-12.405531562007491
