time,vpos
79200,-11.506765559938204
82800,-11.871702336357158
86400,-12.305896724072014
90000,-12.388627932656485
93600,-12.402101529945057
