time,vpos
82800,-12.278404444718808
86400,-12.266980962329798
90000,-12.30988698466967
93600,-12.19217311525463
97200,-12.020129741110704
