time,vpos
86400,-12.273837182652752
90000,-12.267719773835713
93600,-12.126045844203317
97200,-11.809471632746783
100800,-11.628453942105606
