time,vpos
90000,-12.277298591227188
93600,-12.087218906519313
97200,-11.744102533246506
100800,-10.934028652909337
104400,-10.2769914611371
