time,vpos
93600,-11.83679228760016
97200,-11.70907144180749
100800,-10.913264962574793
104400,-4.616015053422147
108000,1.0131492222904772
