time,vpos
97200,-11.594134927150884
100800,-10.878348698330106
104400,-4.533334563381905
108000,10.035229834677411
111600,18.974566326609303
