time,vpos
100800,22.726066665140014
104400,28.333842030606483
108000,42.90722138937486
111600,57.20136143503567
115200,62.52989748739458
