time,vpos
104400,37.13544595966078
108000,46.087316181167594
111600,60.37702765314108
115200,51.54665612925773
118800,37.378443354907695
