time,vpos
10800,-8.79730897304087
14400,-5.7849479219039255
18000,1.2732283182800879
21600,0.5674310636721371
25200,-4.184181379982882
