time,vpos
108000,78.48883993281686
111600,83.81126337525897
115200,44.20320241157175
118800,-0.2291930824848667
122400,0.26889582958784025
