time,vpos
111600,99.99999999999997
115200,64.88136334653416
118800,30.18883435580364
122400,27.612972777572924
126000,24.61100353660691
