time,vpos
115200,-28.037152398169944
118800,-27.612109677581852
122400,-30.18722174969367
126000,-34.87527172606804
129600,-36.563166909742506
