time,vpos
118800,-52.604282576661475
122400,-55.60518746152986
126000,-60.29290559820603
129600,-64.07815858267578
133200,-66.17659831533771
