time,vpos
122400,-99.99999999999461
126000,-99.99999999999616
129600,-84.33671138655308
133200,-57.98500360186834
136800,-47.296584430628265
