time,vpos
126000,-100.0
129600,-100.0
133200,-75.29518660476862
136800,-41.78296449935143
140400,-32.975555789165625
