time,vpos
129600,-100.0
133200,-100.0
136800,-65.22440434139425
140400,-22.699071961574436
144000,-14.949335240360353
