time,vpos
133200,-99.99999999999999
136800,-99.99999999999997
140400,-54.90862601895448
144000,-8.633187503144791
147600,-7.44912296838062
