time,vpos
136800,-99.99999999999999
140400,-99.99999999999997
144000,-53.72456757135436
147600,-8.098928925899555
151200,-8.748722709090321
