time,vpos
140400,-47.72492120690302
144000,-27.584096439285226
147600,-8.092967018708194
151200,-9.290284685737065
154800,-9.83790700572518
