time,vpos
14400,67.06429425987717
18000,71.14472207184033
21600,70.46045075615696
25200,69.23105013051179
28800,72.76634863251313
