time,vpos
144000,-7.45948909096164
147600,-8.1049250049922
151200,-9.292988096113202
154800,-9.992472502133676
158400,-10.149329731063709
