time,vpos
147600,-8.766282167753959
151200,-9.298294989831083
154800,-9.997741302800064
158400,-10.325495802316864
162000,-10.485816810941802
