time,vpos
151200,-9.8523890769921
154800,-10.007232636913
158400,-10.330713757479732
162000,-10.49145550534204
165600,-10.483559692558515
