time,vpos
154800,-10.182012154131941
158400,-10.33912665206916
162000,-10.498172538400324
165600,-10.455310340650902
169200,-10.410516754507531
