time,vpos
158400,-10.510581232709908
162000,-10.505363451193839
165600,-10.46425793667553
169200,-10.620368350503163
172800,-10.812366497333036
