time,vpos
162000,-10.507756523149684
165600,-10.46961384552069
169200,-10.629566384481128
172800,-10.988736542669923
176400,-11.149811484269284
