time,vpos
165600,-10.433183227268211
169200,-10.631439301586996
172800,-10.995592837278402
176400,-11.327449182689907
180000,-11.493408066728799
