time,vpos
169200,-10.82481570810219
172800,-10.989014887699808
176400,-11.33077911018681
180000,-11.65617981250089
183600,-11.804015471925586
