time,vpos
172800,-11.152332116954247
176400,-11.31992998773604
180000,-11.652004780556714
183600,-11.488866807695628
187200,-11.161251912795663
