time,vpos
176400,-11.476363072690827
180000,-11.639569486840355
183600,-11.49026736234238
187200,-10.748735238230047
190800,-10.319711652765216
