time,vpos
18000,96.54584813276523
21600,91.77843583193142
25200,90.54967645282605
28800,50.66675527437198
32400,7.245181174189443
