time,vpos
180000,-11.772274341037008
183600,-11.47133525689309
187200,-10.750684188960188
190800,-6.57266766846589
194400,-2.814363131760573
