time,vpos
183600,-11.172771889219243
187200,-10.75927677182918
190800,-6.547221616664474
194400,2.493246822109258
198000,7.735155223108349
