time,vpos
187200,-10.269362701442173
190800,-6.54415047416704
194400,2.4775533885558443
198000,18.46219055417204
201600,29.150336084340484
