time,vpos
190800,-32.8597794710488
194400,-27.643087733473727
198000,-11.708709112341262
201600,3.63725286487644
205200,8.265527958536753
