time,vpos
194400,-63.969044808570374
198000,-53.23194803307717
201600,-37.92216441499864
205200,-31.87036231183385
208800,-30.391247051254393
