time,vpos
198000,-33.98308285196913
201600,-55.34119383810747
205200,-75.1212259419062
208800,-74.16458123283346
212400,-74.78601540610029
