time,vpos
201600,-77.11034407955366
205200,-75.63854622742944
208800,-74.72928996822844
212400,-75.04936647157044
216000,-74.80690138198922
