time,vpos
205200,-100.0
208800,-100.0
212400,-99.99999999999942
216000,-82.40455149316041
219600,-64.809102986322
