time,vpos
208800,-99.99999999998398
212400,-99.99999999999199
216000,-86.41220803657781
219600,-64.08058291500826
223200,-55.336749756860904
