time,vpos
212400,-99.99999999975084
216000,-99.99999999986014
219600,-78.42447212561233
223200,-50.490899029695235
226800,-44.13285380813525
