time,vpos
21600,80.40538340038337
25200,83.93084573166232
28800,47.35406648982017
32400,1.0714279785534007
36000,-5.10896895959225
