time,vpos
216000,-99.99999999984038
219600,-99.99999999991913
223200,-71.24134922333012
226800,-37.56515808159533
230400,-32.64761771652826
