time,vpos
219600,-99.99999999999999
223200,-99.9999999999993
226800,-65.11071612484122
230400,-18.011700389334337
234000,-5.801968528984845
