time,vpos
223200,-100.0
226800,-99.99999999998192
230400,-52.90098773859634
234000,-6.868442174785885
237600,-7.934908872342924
