time,vpos
226800,-99.99999999998674
230400,-52.90070025732976
234000,-6.868285406652548
237600,-8.415505553108678
241200,-8.895840807585026
