time,vpos
230400,-5.8220713021481
234000,-6.879709953227556
237600,-8.412921158578603
241200,-9.004053114727599
244800,-9.119612516605002
