time,vpos
234000,-7.949788145468789
237600,-8.42810455836631
241200,-9.013515497502919
244800,-9.298709719613441
248400,-9.476809415484876
