time,vpos
237600,-8.912223799797655
241200,-9.03248941527114
244800,-9.306536423173974
248400,-9.745949726108154
252000,-10.031581636612987
