time,vpos
241200,-9.157737649744535
244800,-9.32550383144502
248400,-9.753666120298035
252000,-10.244891522697097
255600,-10.475720817943632
