time,vpos
244800,-9.497631749850955
248400,-9.772487090170973
252000,-10.252553027967856
255600,-10.82841893870819
259200,-11.199074251971657
