time,vpos
248400,-10.038723733025206
252000,-10.260208328326877
255600,-10.842882138770682
259200,-11.204071353912815
