time,vpos
25200,2.8848866302478906
28800,5.047720614235604
32400,1.0682614410733913
36000,-3.8942248554248597
39600,-2.714417994773184
