time,vpos
28800,7.251346584962853
32400,1.021326125152837
36000,-3.9848104613629594
39600,-2.882884986817617
43200,-3.004843385566495
