time,vpos
32400,-5.189521141644636
36000,-3.968638152401513
39600,-2.863611046706929
43200,-4.701812362517809
46800,-6.42415779478015
