_run_,RExt,_error_,occheff,shgc,tmass
1,4.0,0.8364375255440302,2.0836965146621127,4.6089641567718935,50.0
