RExt,occheff,shgc,tmass
4.0,2.0836965146621127,4.6089641567718935,50.0
