tmass,shgc,occheff,RExt
1.0,0.46089641567718936,0.6334786058648451,1.0
