tmass,shgc,occheff,RExt,Tve,Vi,maxHeat,maxVent
50.0,4.6089641567718935,2.0836965146621127,4.0,21.0,486.5,2689.0,4800.0
