time,vpos
43200,-14.558710245936176
46800,-13.891215877825614
50400,-12.063413628432846
54000,-0.27241548735936205
57600,-35.27166253404168
61200,-75.46181145545484
64800,-84.87614518314453
68400,-76.18525632288673
72000,-52.64024534987879
