time,vpos
64800,-99.99978480504579
68400,-85.44771027676765
72000,-36.10027114279631
75600,-11.556536673083501
79200,-12.242545910004518
82800,1.0390254573138897
86400,2.9317902266324247
90000,1.8591854259772729
93600,2.6097663242626243
