time,vpos
68400,-83.3511257255694
72000,-61.567477744709386
75600,-19.806412082069013
79200,-3.9405899222344143
82800,0.79167630822847
86400,5.0423762496699585
90000,0.42893207012583145
93600,3.2896694804979276
97200,6.170689259447002
