time,vpos
72000,1.274949732119747
75600,-4.462728607656448
79200,-5.241441274173916
82800,5.996223389738782
86400,6.692298055366032
90000,0.4339980191621479
93600,-0.3120819593902904
97200,4.89246794583157
100800,10.167422118428705
