time,vpos
75600,-10.135487742162478
79200,-2.5918791941287402
82800,5.684426950700777
86400,9.569093205909887
90000,10.086710958364323
93600,7.979810605588883
97200,10.118253269031511
100800,10.343567254919906
104400,8.95788913054913
