time,vpos
79200,2.192735154042339
82800,4.721109182121761
86400,9.174946510997994
90000,8.269361455100599
93600,6.638879692346192
97200,13.119313442524245
100800,12.524640912283994
104400,6.188533761479183
108000,5.726966297152873
