time,vpos
82800,2.573793893343137
86400,9.931768011537025
90000,17.747386352584606
93600,9.638905795344563
97200,10.625381889569123
100800,9.43719607576577
104400,1.6399326367472913
108000,5.491282216828446
111600,6.39910854780643
