time,vpos
86400,35.1048073748553
90000,67.54703343216339
93600,88.95021101964747
97200,88.95173671439997
100800,60.6714801318313
104400,60.619161482493645
108000,90.29537865679929
111600,65.43067355637847
115200,50.158263379459534
