time,vpos
93600,58.54131319921707
97200,55.63753919277023
100800,48.346775002354214
104400,32.654814863634165
108000,35.37476406586101
111600,61.24346264137639
115200,-13.456371326034766
118800,-99.99999235599178
122400,-100.0
