time,vpos
97200,-12.058038427381602
100800,18.36677512642566
104400,46.67107440272986
108000,51.92008250526479
111600,-20.34042815579688
115200,-99.9852304452263
118800,-99.99999984677802
122400,-99.99999999996018
126000,-99.99999999992035
