time,vpos
100800,87.28046224198678
104400,73.88849987176556
108000,68.04204407307283
111600,76.31683502559716
115200,-11.476940296703491
118800,-99.99999822818144
122400,-99.99999822818144
126000,-99.99999996685423
129600,-99.99999993370847
