time,vpos
104400,74.98820687324212
108000,87.3690444786795
111600,92.05720293868616
115200,36.4428048390315
118800,-55.73945705737895
122400,-99.99999999978273
126000,-99.99999999999467
129600,-99.99999999999467
133200,-100.0
