time,vpos
108000,98.71583007527677
111600,99.3575986506642
115200,68.20556062805419
118800,-31.794122984971633
122400,-100.0
126000,-100.0
129600,-100.0
133200,-75.79161429923661
136800,-51.58322859847322
