time,vpos
111600,87.19642061611059
115200,77.70124669809941
118800,-15.896963609955872
122400,-99.99999999999997
126000,-99.99999999999997
129600,-99.99999999991213
133200,-87.87027558374783
136800,-57.64732408240154
140400,-39.55409699713171
