time,vpos
115200,-100.0
118800,-99.99999999997723
122400,-99.99999999997723
126000,-99.99999999999997
129600,-99.99999999909137
133200,-99.99986351084924
136800,-88.2663578215316
140400,-62.588128720542535
144000,-48.643268821537596
