time,vpos
118800,-100.0
122400,-100.0
126000,-100.0
129600,-100.0
133200,-96.72804592501778
136800,-90.19517335624954
140400,-76.7182467330093
144000,-33.38288772992287
147600,-0.26353685629068335
