time,vpos
126000,-100.0
129600,-99.99999999999997
133200,-72.64811206554754
136800,-52.83932528772466
140400,-30.513539783949973
144000,-50.274161584869624
147600,-48.20372984053454
151200,2.3655390513517602
154800,1.2348677375790689
