time,vpos
147600,-99.99893416070064
151200,-99.99275134234739
154800,-99.99328393061828
158400,-99.99966220954234
162000,-99.99948278697865
165600,-88.21623001240253
169200,-38.83669476417499
172800,-3.3095092409610554
176400,-5.378448486262173
