time,vpos
151200,-99.98939240198726
154800,-99.99468949485724
158400,-89.98595807020979
162000,-89.98596461154114
165600,-69.8713562417661
169200,-63.40712550152112
172800,5.1297246257836715
176400,61.53920315811897
180000,25.747418874770624
