time,vpos
154800,-99.9995266808556
158400,-90.79608456987336
162000,-80.79433407888598
165600,-59.65781372123128
169200,-25.637849161249022
172800,1.7231801165653247
176400,25.34261920130614
180000,-28.987390152726157
183600,-93.25756189601762
