time,vpos
162000,-99.90219578886695
165600,-99.25915379401056
169200,-70.47724537354601
172800,-32.06081613911112
176400,-15.538907626408038
180000,-7.525511313779481
183600,-4.0596823241097235
187200,-10.60859243957675
190800,-18.854280935961313
