time,vpos
169200,-82.17018407329341
172800,-61.56769384486914
176400,-24.51780131434952
180000,-3.425748607724012
183600,-0.09421215994064062
187200,-0.35006632253953723
190800,2.302307737781096
194400,3.183737113708998
198000,2.470052223464159
