time,vpos
172800,41.383404279650975
176400,70.6916914149862
180000,99.99998297523668
183600,99.90722260065132
187200,99.9072224458714
190800,99.99998886014305
194400,99.99999356540854
198000,99.99999100453793
201600,99.99998550795276
