time,vpos
176400,99.91014062629915
180000,99.95506154124959
183600,99.9999910681075
187200,99.99999931510021
190800,99.99999947507781
194400,99.98024574377993
198000,99.98024574379419
201600,50.98286148445143
205200,1.9657229689041515
