time,vpos
180000,-65.79557066650753
183600,-77.63451612712934
187200,-94.73649755095063
190800,-5.527077097159677
194400,-5.515942601663254
198000,-0.04351806049041618
201600,52.72990408477087
205200,-47.212519633595704
208800,-99.99461903455673
