time,vpos
183600,-12.807350418020553
187200,-18.932201676390516
190800,8.765995546408803
194400,41.56052503358851
198000,56.69460157803912
201600,-13.571325965115555
205200,-99.9999245233552
208800,-100.0
212400,-100.0
