time,vpos
187200,-2.9750609612895795
190800,2.930623648200997
194400,15.80239849720026
198000,35.5884560484692
201600,-25.795745663672488
205200,-99.99995734378722
208800,-100.0
212400,-100.0
216000,-100.0
