time,vpos
194400,99.99782090992802
198000,99.99656812824047
201600,-0.002341123921389965
205200,-93.67502953434355
208800,-92.8385443719075
212400,-99.16189291962993
216000,-99.99837928486815
219600,-54.957881136359156
223200,-9.9157622727183
