time,vpos
198000,99.99838005614893
201600,47.06592726436178
205200,-52.93326276371268
208800,-100.0
212400,-99.99992140080967
216000,-99.99992140080967
219600,-52.1448714749853
223200,34.418199576054405
226800,73.12614210207941
