time,vpos
201600,-99.99999999989735
205200,-99.99999999994868
208800,-100.0
212400,-100.0
216000,-99.99999999999996
219600,-83.09432287333148
223200,-27.470600769100084
226800,-7.8873861009501525
230400,-27.022216410363175
