time,vpos
205200,-100.0
208800,-100.0
212400,-100.0
216000,-99.99999999999467
219600,-99.10041264973228
223200,-19.3752390954794
226800,8.132762201324976
230400,-35.399980019940465
234000,-27.615137334014445
