time,vpos
208800,-100.0
212400,-99.99734285897577
216000,-99.31549744048715
219600,-98.01942911860294
223200,-43.54454877175665
226800,7.109533603552057
230400,4.005964140010722
234000,0.8547866609430701
237600,-2.396739281701024
