time,vpos
212400,-100.0
216000,-100.0
219600,-90.21645316476818
223200,-58.05721751834147
226800,-15.484206808476097
230400,0.4674930801871986
234000,-5.051040479847506
237600,-2.699120087227979
241200,0.9257118554190918
