time,vpos
21600,68.44896038382767
25200,69.26880701296476
28800,37.4769946713415
32400,-1.436862230333097
36000,-12.683878510069754
39600,-8.60885488198381
43200,-2.6010259975124304
46800,-2.2577204740914736
50400,1.0975981417664542
