time,vpos
216000,-100.0
219600,-99.98499364210765
223200,-97.79507831793086
226800,-70.87251317113333
230400,-12.363238440912559
234000,8.27384857587433
237600,-3.731364412938924
241200,-2.092404288999951
244800,-1.572762709168541
