time,vpos
223200,-99.9784109677449
226800,-99.9892054332594
230400,-99.99999994909375
234000,-99.99999995460068
237600,-99.87040574948564
241200,-99.8704057945627
244800,-91.30770529936483
248400,-31.79417935980281
252000,19.02705187918216
