time,vpos
230400,-99.84924817724425
234000,-99.39505277903251
237600,-99.05177688083873
241200,-84.9535167965737
244800,-43.46533579595785
248400,41.906615018098016
252000,31.36152235245414
255600,-9.429107642928972
259200,18.418304425054828
