time,vpos
25200,69.32362219471325
28800,34.97559315906641
32400,-2.284917027587924
36000,-2.8980870835223476
39600,-4.560752680912502
43200,-3.105798120635027
46800,0.8172655728182093
50400,-0.44870185591750644
54000,-0.22080172536574733
