time,vpos
32400,-4.25604567925653
36000,-3.3326858092693574
39600,-1.557053985819224
43200,-2.8879512842348745
46800,-2.6732801906721226
50400,-0.9074903973932187
54000,-3.0604108736632005
57600,-22.392329181270952
61200,-40.20337756477117
