time,vpos
0,25.546001739754182
3600,25.997954978791654
7200,26.55902876715805
10800,26.7776640388124
14400,26.96667818880576
18000,27.131115408437424
21600,27.469366193693332
25200,28.035214230142337
28800,28.347749273299144
