time,vpos
3600,26.436354129020696
7200,26.533442452049893
10800,26.718648997751394
14400,26.897846041248574
18000,27.15241899649129
21600,27.582087048824818
25200,28.077300863846986
28800,14.141536635698701
32400,-0.023267489556080302
