time,vpos
36000,-0.049876878037907316
39600,-0.0359776586758999
43200,-0.00017143652976687324
46800,0.03917925718825306
50400,0.05218204538013111
54000,0.0015472080475365186
57600,-0.019219922080194757
61200,-0.021237686888612158
64800,-0.0486822561598766
