time,vpos
39600,-0.04808356890292553
43200,-0.030401004194739775
46800,0.011442753480964976
50400,0.04528979418841844
54000,0.02157871979532318
57600,0.005008026212350355
61200,-0.010385549875438039
64800,-0.03361382784262046
68400,-0.024622301171957565
