time,vpos
46800,0.017524448213313438
50400,0.01153178114315248
54000,-0.018960337330880227
57600,-0.023175997590514707
61200,-0.011715972078732092
64800,-0.009047021388739059
68400,0.017981424965258716
72000,0.03153296509672949
75600,0.029548775196650175
