time,vpos
50400,-0.005944873735442722
54000,-0.02114090469487675
57600,-0.07057935497493996
61200,-0.09342059194183674
64800,-0.05436317504539269
68400,-0.0033333952761702024
72000,0.02823092653247702
75600,0.03113527984497445
79200,0.025848856575335505
