time,vpos
54000,0.008007497074709411
57600,0.013726071626652878
61200,0.0014548422247210799
64800,-0.020326593904763282
68400,-0.015487918917861387
72000,0.0006659394520510341
75600,0.008054747091402635
79200,0.006107208753593804
82800,0.004294413983834799
