time,vpos
57600,-0.016794040789717253
61200,-0.005664810785205017
64800,0.0022294806817349543
68400,0.0025716170009251315
72000,0.005843874559582537
75600,0.001759629400138848
79200,-0.005169825961038612
82800,-0.00800328913110591
86400,-0.007686724801334401
