time,vpos
61200,-0.02346234017702246
64800,-0.00975078759589834
68400,-0.0018741058348056817
72000,-0.0012145925912170584
75600,0.006079720249464557
79200,0.002654395701655867
82800,-0.004873154548444504
86400,-0.008295407568148587
90000,-0.008415363662622516
