time,vpos
64800,-0.02644927671559493
68400,-0.020442990268028885
72000,-0.015217776929117202
75600,-0.006447104340900336
79200,0.005637488862242663
82800,0.004956397911797398
86400,-0.002179257611599581
90000,-0.00685441042783265
93600,-0.007607846177385779
