time,vpos
72000,-0.027904139930049875
75600,-0.06892751237414871
79200,-0.01709679084676431
82800,0.02858697664635968
86400,-0.00243036539608303
90000,0.014997345824393061
93600,0.011994214970096869
97200,0.004315941162018702
100800,0.0009155249927962714
