time,vpos
79200,-0.08415092708492981
82800,-0.06973124688577709
86400,-0.02909643815375704
90000,0.008247235502803924
93600,0.016252958300192865
97200,0.0053477709820750645
100800,-0.007382681309797104
104400,-0.011412209637300271
108000,-0.010493650664744374
