time,vpos
82800,-0.04855909402212734
86400,-0.046232211501400874
90000,-0.023071839174636448
93600,0.007536010442585987
97200,0.0145407234077381
100800,0.0032544095704701128
104400,-0.011059242240652292
108000,-0.013467378302098907
111600,-0.010078529543658746
