time,vpos
86400,17.953013037880027
90000,17.936649135458065
93600,18.049435974777975
97200,18.293090685084834
100800,18.421844479500304
104400,18.476447892974722
108000,18.589423649619402
111600,18.82105770440069
115200,18.980069590161243
