time,vpos
90000,18.071745687207887
93600,18.126816904353493
97200,18.22984222548481
100800,18.33827614577524
104400,18.46102568357117
108000,18.59213863417461
111600,18.824833818904995
115200,9.48664210089375
118800,-0.015401572735649445
