time,vpos
97200,10.546552091902036
100800,10.580506009820768
104400,10.64834606428921
108000,10.724995758655373
111600,10.85733270328721
115200,-44.52654695494866
118800,-99.99999999994512
122400,-99.99999999994174
126000,-99.99999999999314
