time,vpos
100800,6.32998436451134
104400,6.3504800244183395
108000,6.3962937036334555
111600,6.474935472194647
115200,-46.73587038926882
118800,-99.99999999999221
122400,-99.99999999993202
126000,-99.99999999993148
129600,-99.99999999999795
