time,vpos
10800,26.80246557516586
14400,26.8910853398859
18000,27.148433866430423
21600,27.59616729651742
25200,28.092060835253065
28800,14.196800341396434
32400,0.06501060113875601
36000,0.040004607745633296
39600,0.03463899028043748
