time,vpos
111600,1.5452567023239894
115200,-49.227371648837824
118800,-99.99999999999979
122400,-99.9999999999999
126000,-99.99999999999987
129600,-99.99999999999991
133200,-96.83371433636513
136800,-82.10273898321032
140400,-70.53804929369025
