time,vpos
126000,-99.99999999999788
129600,-99.99999999999878
133200,-96.78632600807013
136800,-79.76029471162242
140400,-50.250460240105625
144000,-17.276076685020755
147600,0.0009562047237713487
151200,0.00040137665477081157
154800,-0.00027995307252991875
