time,vpos
136800,-99.99946768065905
140400,-99.99973384032953
144000,-49.92462478477459
147600,0.8609567671155851
151200,0.9043871248420163
154800,-0.12392547886434427
158400,-0.19237457058668134
162000,1.130699738609553
165600,2.160686514760124
