time,vpos
140400,-32.67818009417277
144000,-16.36424980715097
147600,-0.005730480253931603
151200,0.04511847936728719
154800,0.05698889981120799
158400,0.05210359158008522
162000,0.020864710302257027
165600,-0.015545806293290566
169200,-0.03121325054007435
