time,vpos
14400,27.019456343795976
18000,27.169503967156537
21600,27.567540317043747
25200,28.07155875438533
28800,14.236114008620978
32400,0.09024557396885818
36000,0.04607155294425699
39600,0.04613581553843258
43200,0.03598012108435207
