time,vpos
144000,-0.11846237677221541
147600,-0.1064980284141921
151200,-0.05852244863716813
154800,0.03717346170221738
158400,0.03579142605084426
162000,0.06295045323069337
165600,0.13081993226465854
169200,0.0697450289379323
172800,0.02902638832884795
