time,vpos
147600,-0.07390486123138057
151200,-0.06312830424564583
154800,-0.011995639537978837
158400,0.06786960382487824
162000,0.024659357460900148
165600,0.01778853117390801
169200,0.04045900299573044
172800,-0.031759950801027524
176400,-0.05080082070169717
