time,vpos
151200,0.005616729241227168
154800,0.04554743603061872
158400,0.10607447328413255
162000,0.08229777309681158
165600,-0.06577381847172342
169200,-0.10768507700018659
172800,-0.09222390053525284
176400,-0.1308619446502032
180000,-0.12317386284145873
