time,vpos
154800,0.10530956495928873
158400,0.17712420784568517
162000,0.22549914077372255
165600,0.023504532310753022
169200,-0.22367086232978756
172800,-0.21138522389811953
176400,-0.1555440802132168
180000,-0.15603317765902763
183600,-0.13145728422214314
