time,vpos
158400,0.21721491074911561
162000,0.3034625636936489
165600,0.30573093180346633
169200,-0.10928136814701912
172800,-0.36826033917350776
176400,-0.22962598739481027
180000,-0.1822044805269485
183600,-0.16755546550224973
187200,-0.1337476496559964
