time,vpos
162000,0.007987505086349926
165600,0.005530742167808209
169200,-0.001946108262147235
172800,-0.0015372450528878623
176400,-0.004614594457293141
180000,-0.007709599722953642
183600,0.0019446011405732698
187200,0.005829977847569102
190800,0.0054724485504559
