time,vpos
165600,0.006764064783502119
169200,0.003466012181606152
172800,-0.00174838148718134
176400,-0.000597941121273104
180000,-0.004483108452907301
183600,-0.005849542622747705
187200,0.002713944925849865
190800,0.005125573928830378
194400,0.004559229977806875
