time,vpos
169200,0.005276260607708959
172800,0.0016442158648701031
176400,-0.0007434027705840291
180000,-0.0003367918950713373
183600,-0.0043196410111164965
187200,-0.0033466850330070327
190800,0.0024906384000999387
194400,0.003837377049702945
198000,0.0034647821284815718
