time,vpos
172800,-0.09542479642777354
176400,-0.10802793804519747
180000,-0.04247332630511352
183600,-0.000437882342744101
187200,-0.02081792792243426
190800,0.012632025632936354
194400,0.046985668394657724
198000,0.05675779906272639
201600,0.049883976708995977
