time,vpos
176400,-0.16586649452223426
180000,-0.10857962290442018
183600,0.028008585600625115
187200,0.03292001143391026
190800,-0.027627725116273136
194400,-0.0031284707094140097
198000,-0.032357776469463695
201600,0.012592021236049742
205200,0.09742820460470931
