time,vpos
18000,27.222696309703288
21600,27.61245478531641
25200,28.11963046613817
28800,14.22327895868299
32400,0.30753289582145643
36000,0.27135517890216715
39600,0.07240482628070014
43200,-0.008015847291219404
46800,-0.023686534963239244
