time,vpos
190800,-51.27799084464846
194400,-51.43083551558141
198000,-51.74129832256871
201600,-75.94945822931149
205200,-99.99999999999956
208800,-99.9999999999959
212400,-99.9999999999959
216000,-99.99999999998515
219600,-99.99999999997115
