time,vpos
194400,-70.72387207420826
198000,-70.94455237110621
201600,-85.58261633400066
205200,-99.99999999999787
208800,-99.99999999999922
212400,-99.99999999999984
216000,-99.9999999999977
219600,-97.53807009673613
223200,-95.0761401934767
