time,vpos
198000,-100.0
201600,-99.99999999989288
205200,-99.99999999989288
208800,-100.0
212400,-100.0
216000,-100.0
219600,-96.66239315035948
223200,-88.57679910912893
226800,-83.8288119175389
