time,vpos
201600,-99.99999999998575
205200,-99.99999999999272
208800,-99.99999999999953
212400,-99.99999999999531
216000,-99.99999999999467
219600,-96.43823512387787
223200,-86.31386100846059
226800,-74.62710058552162
230400,-69.5029494018797
