time,vpos
205200,-99.99999999999781
208800,-99.999999999998
212400,-99.9999999999979
216000,-99.99999999999756
219600,-96.35415882520063
223200,-85.37477866015244
226800,-70.2965915281563
230400,-31.275972026585492
234000,-6.667594616771264e-07
