time,vpos
208800,-99.99999999999828
212400,-99.99999999999913
216000,-99.99999999999967
219600,-96.32131070509693
223200,-84.98907693512356
226800,-68.30953439758558
230400,-29.641655538589934
234000,0.000537196861382711
237600,0.000849135784084183
