time,vpos
21600,28.009389711328314
25200,28.11964646914903
28800,14.198593963315004
32400,0.14247491990170505
36000,-0.02720650493282231
39600,-0.23019819051268336
43200,-0.2791409087425177
46800,-0.21600164221937496
50400,-0.16203969797028905
