time,vpos
216000,-100.0
219600,-99.47358994816923
223200,-99.47358994816919
226800,-70.75338969660491
230400,-21.462699133716374
234000,-0.7435981210639014
237600,1.9799856161896259
241200,0.9446086720090809
244800,-2.1393312562660407
