time,vpos
219600,-99.9999999999994
223200,-99.99999999999949
226800,-79.5193507346942
230400,-29.518518791023958
234000,0.0014557965586463107
237600,0.001312658006053681
241200,0.0003304423511701483
244800,-0.001021599679698136
248400,-0.0013264738260199333
