time,vpos
223200,-99.99999999999993
226800,-99.99999999999997
230400,-50.00008912254614
234000,-2.1595697806416436e-05
237600,3.5637571314041165e-05
241200,-8.729925814550475e-05
244800,-5.709098331218886e-05
248400,6.189876773582939e-05
252000,0.00012715953985621941
