time,vpos
226800,-99.99999999999979
230400,-50.000556534706995
234000,-0.0008992979497591627
237600,8.210192040645681e-05
241200,0.0009913135187705928
244800,0.0006919666435262297
248400,0.00026756603894893767
252000,-0.00030856092946593725
255600,-0.0009012173611874813
