time,vpos
230400,-0.022879874745632068
234000,0.07456832061210329
237600,0.05945106060965369
241200,0.027899320946729894
244800,0.043700514585350125
248400,-0.021366299791590895
252000,-0.06804249014361163
255600,-0.06985818484250697
259200,-0.02485198150768168
