time,vpos
234000,-0.15046013376095344
237600,-0.12843902351342326
241200,-0.07130069493391476
244800,0.04640443604125178
248400,0.1832380167379924
252000,0.0737300955201069
255600,-0.02825885523671072
259200,0.03350578327790954
