time,vpos
25200,28.229973676482718
28800,14.174487662832084
32400,0.2326912776041551
36000,0.20736433778903934
39600,-0.0027227535840582736
43200,-0.09916751504192207
46800,-0.124032133327139
50400,-0.103446722803674
54000,-0.0833709323175779
