time,vpos
28800,0.01457449687830856
32400,-0.07970280855166506
36000,-0.03534316504220239
39600,0.1444280447433347
43200,0.169315537028929
46800,0.11558886819986944
50400,0.04701943389582073
54000,0.0061130579242214475
57600,-0.0037037840118821696
