time,vpos
32400,-0.026530742611364587
36000,-0.020747069511174006
39600,-0.005001109179683216
43200,0.014825071688603496
46800,0.027359615819215186
50400,0.018617975282844604
54000,-0.018998529800084138
57600,-0.049624041257413265
61200,-0.05404533866180941
