time,vpos
0,-0.03701144792767018
3600,-0.03073100211630367
7200,0.19666577905541366
10800,0.24087787464132102
14400,0.03166901109386194
18000,-0.010868020913087433
21600,-0.021100429147021232
