time,vpos
3600,-0.088339790431951
7200,-0.055318099607596004
10800,-0.0053588488890372
14400,0.01835527182835405
18000,0.015337170018756983
21600,-0.0002679600482827317
25200,-0.006078427482537918
