time,vpos
36000,0.20148082540704843
39600,0.20154722217270213
43200,0.20211788777602435
46800,0.20273414093129558
50400,0.10147631841012067
54000,-0.0033212489338648736
57600,-0.006749009439072845
