time,vpos
39600,-0.002000346171697743
43200,0.0004547620387060791
46800,0.003284107160838485
50400,0.012792173269744104
54000,0.011869511991672807
57600,0.0016636687897492665
61200,0.0015143160630740598
