time,vpos
43200,-0.35578704998938615
46800,-0.3421786050364574
50400,-0.12337957112358192
54000,0.027168419690018323
57600,-0.00020555110890295978
61200,0.02420439725594992
64800,0.02134571827337754
