time,vpos
46800,-0.364145611551586
50400,-0.352063433633647
54000,-0.19245614221108562
57600,-0.02940546242788646
61200,0.05459320711837053
64800,0.042983520327488506
68400,-0.03709926973107369
