time,vpos
50400,-0.1324839896388048
54000,-0.10588435991820903
57600,-0.09586094623922009
61200,-0.11676416020187738
64800,-0.08689340999398638
68400,-0.033799366305862034
72000,-0.014903070746679134
