time,vpos
54000,-49.330335597194285
57600,-49.39914448164415
61200,-49.58277812917336
64800,-25.167924554867728
68400,-0.8151018161050074
72000,-0.5051821775515135
75600,-0.01840694037573821
