time,vpos
57600,0.002263968727103266
61200,0.023586141194539077
64800,0.018247735771219336
68400,-0.007089884498033571
72000,0.012424660619250983
75600,-0.0605829377452273
79200,-0.15178212360548748
