time,vpos
61200,-0.0030925945247199504
64800,0.007421036233094286
68400,0.0074156416980594286
72000,0.014685546971250985
75600,0.008041267067171847
79200,-0.016390585399681055
82800,-0.01638922739641417
