time,vpos
64800,0.17294817809194635
68400,0.17402585528229797
72000,0.18268463956844655
75600,0.12411792259414943
79200,0.03739075897946342
82800,0.028368289439467235
86400,0.039925159444063
