time,vpos
68400,0.05149306844143978
72000,0.10138441336317472
75600,0.07418691706715712
79200,-0.04297607136368716
82800,-0.11116031151083051
86400,-0.07212687949886794
90000,-0.004983354552853719
