time,vpos
7200,34.798406784531686
10800,34.90264368008799
14400,35.133770060017724
18000,35.48994235489339
21600,36.09115047421605
25200,36.73414094757289
28800,37.005206112109306
