time,vpos
72000,0.03809518678801089
75600,0.025813489016530786
79200,0.0018249786772912629
82800,-0.009800583660810429
86400,-0.08658187861667796
90000,-0.08164735448145811
93600,0.00014971483928698579
