time,vpos
75600,-0.16497603034838645
79200,-0.10745388616175311
82800,-0.02466826015133623
86400,0.08598707446142768
90000,0.3791702650145052
93600,0.2384093318653207
97200,-0.1101429390479608
