time,vpos
79200,-0.08733797207280287
82800,0.040753748102578154
86400,0.1465482518452687
90000,0.052545896482331045
93600,-0.07603246981451987
97200,-0.0453026542183627
100800,0.04230038874439817
