time,vpos
82800,-95.95091158162661
86400,-49.350163102119865
90000,-1.208916151266308
93600,-6.797832728839335
97200,-12.96306361710416
100800,-7.458582354387855
104400,-2.918285252326575
