time,vpos
86400,0.5971353346798404
90000,0.5457633298462234
93600,0.25304101906487986
97200,-0.06650412921009112
100800,-0.07304751596937077
104400,0.058735405088963265
108000,0.11886687057933251
