time,vpos
90000,0.3765814203582529
93600,0.360887858937581
97200,0.12471978592617328
100800,-0.017445197534900918
104400,0.012540662426116145
108000,-0.003007731095696798
111600,0.029767543551134874
