time,vpos
93600,46.34777322205535
97200,46.46828760835765
100800,46.76507191835173
104400,47.1243141114292
108000,47.491677333991156
111600,48.00772139001583
115200,48.33937449286425
