time,vpos
97200,46.55154296973865
100800,46.7066710651897
104400,47.057122736744
108000,47.4861865616239
111600,48.09136510987339
115200,24.11020146398533
118800,-0.24240048137553968
