time,vpos
100800,46.21324123615795
104400,46.36088979519025
108000,46.71866862626031
111600,47.30598556513283
115200,-26.158413884015232
118800,-99.99999999999343
122400,-99.9999999999888
