time,vpos
104400,34.72439379574525
108000,34.863761790429436
111600,35.294535403690865
115200,-32.207029488865054
118800,-99.99999999999687
122400,-99.99999999998298
126000,-99.99999999997043
