time,vpos
10800,35.01199526970229
14400,35.1282873831035
18000,35.479314915537394
21600,36.095844261052896
25200,36.741975118264655
28800,18.502857157805423
32400,-0.0005977333827694955
