time,vpos
108000,26.66844567394257
111600,26.88915505117466
115200,-36.44506778579662
118800,-99.99999999991432
122400,-99.99999999991432
126000,-100.0
129600,-100.0
