time,vpos
111600,19.79865767259582
115200,-40.10067116369809
118800,-99.99999999998795
122400,-99.99999999998485
126000,-99.99999999998653
129600,-99.99999999999172
133200,-99.99999999999623
