time,vpos
115200,-99.99999999992417
118800,-99.99999999988927
122400,-99.99999999992455
126000,-99.99999999998069
129600,-99.99999999998253
133200,-97.31725548826917
136800,-94.63451097653991
