time,vpos
118800,-99.99999999999777
122400,-99.9999999999988
126000,-99.99999999999984
129600,-99.99999999998694
133200,-96.90242165495044
136800,-82.91798405442859
140400,-72.03112479893034
