time,vpos
122400,-99.9999999999773
126000,-99.99999999998866
129600,-100.0
133200,-96.81783561945103
136800,-80.48259297197315
140400,-55.355400722518326
144000,-43.38128673999241
