time,vpos
126000,-99.99999999999997
129600,-99.99999999999997
133200,-96.8014159046686
136800,-79.97807532823622
140400,-51.52212180728911
144000,-18.34545753189548
147600,9.70365206151437e-06
