time,vpos
129600,-100.0
133200,-100.0
136800,-82.93852008449367
140400,-50.34933099853451
144000,-17.409203235247595
147600,0.0011692328381364614
151200,-0.0008768919102330294
