time,vpos
133200,-100.0
136800,-100.0
140400,-66.35235710572888
144000,-16.35225264682143
147600,-0.005515370214262125
151200,-0.008343420802718092
154800,-0.005447183361991973
