time,vpos
136800,-99.99999999999997
140400,-99.99999999999997
144000,-49.99043995508664
147600,0.023925970825064157
151200,0.02073685911064088
154800,0.0030952340906875583
158400,-0.006551398216483164
