time,vpos
140400,-34.9103082428917
144000,-17.42026149496664
147600,0.03612596974708408
151200,-0.02206329770553279
154800,-0.04418305319226685
158400,-0.01982922167169237
162000,0.0021143810943401635
