time,vpos
14400,35.23939547291393
18000,35.48007868485891
21600,36.099273586058324
25200,36.74120602173488
28800,18.51033750276675
32400,0.009964438703149
36000,0.0038806400298303343
