time,vpos
144000,-7.176032565757448
147600,-7.2072452925008
151200,-4.348260725962779
154800,-5.271766400826154
158400,-23.379510414395472
162000,-18.835354630364538
165600,0.002842199090964529
