time,vpos
147600,-0.09446517837586782
151200,-0.07067443535731882
154800,0.04341534721684918
158400,0.055087283491821244
162000,0.0036230756214686057
165600,-0.04649806535480811
169200,-0.1237821017413791
