time,vpos
151200,0.027990770550701097
154800,0.01875821359158532
158400,-0.003741010107513314
162000,-0.02078541520413669
165600,-0.023604734815396
169200,-0.02604124586070152
172800,-0.02943617565138825
