time,vpos
154800,0.012687617394912002
158400,0.022384935545549427
162000,0.02444269237474602
165600,-0.007783601161415269
169200,-0.02896890714558123
172800,-0.02727137077126133
176400,-0.02897526062749594
