time,vpos
162000,0.8803471096642257
165600,0.7974508681436262
169200,0.8568067570425938
172800,0.48356991084599404
176400,-0.02235156578040556
180000,0.005185781733350736
183600,0.02315562925733979
