time,vpos
165600,0.10753247426767533
169200,0.059458722356122505
172800,-0.047311675289580385
176400,-0.0387714967604808
180000,-0.002164431126512641
183600,-0.00961117394752784
187200,0.013571841860738452
