time,vpos
169200,0.18963391623793371
172800,0.1508832528888871
176400,-0.1401041620218959
180000,-0.27783127035638744
183600,-0.09459807236747839
187200,-0.016023604731133123
190800,-0.006172691856452042
