time,vpos
172800,-2.5983135351461346
176400,-0.015760618499216332
180000,1.3012104315750004
183600,0.05012530614172531
187200,-0.02005222309164633
190800,-19.384084360558546
194400,-38.663442227652645
