time,vpos
176400,-0.022358527922702993
180000,-0.17111556976058998
183600,-0.31632063607068905
187200,-0.25556173991578
190800,-0.1147907477742069
194400,-0.044730801500272775
198000,-0.05823492674079054
