time,vpos
18000,35.70898316251639
21600,36.08742626805267
25200,36.74680402055545
28800,18.62228166813687
32400,0.10809533024066262
36000,0.006532378508156245
39600,0.013698765286778386
