time,vpos
180000,-6.430492844435978
183600,-6.534810581773409
187200,-6.609290622669802
190800,-6.65277347265541
194400,-6.666543212894366
198000,-3.107263182917176
201600,0.39246604087232045
