time,vpos
183600,-4.28467452614237
187200,-4.286824904984582
190800,-4.306618532426897
194400,-4.34358115546455
198000,-4.367735564903056
201600,-2.1865851594259915
205200,-0.0005997189479734451
