time,vpos
187200,-5.397201447628052
190800,-5.4112721739923835
194400,-5.442247379787437
198000,-5.47470503088349
201600,-52.74512910127412
205200,-99.9999999999972
208800,-99.99999999999501
