time,vpos
190800,-26.648779084008645
194400,-26.72368359731282
198000,-26.878984455257836
201600,-63.47969039994472
205200,-99.99999999999346
208800,-99.99999999999424
212400,-99.99999999999231
