time,vpos
194400,-55.03315968714112
198000,-55.20229490261727
201600,-77.68571505904146
205200,-99.99999999998043
208800,-99.99999999998495
212400,-99.99999999999547
216000,-99.99999999999238
