time,vpos
198000,-99.99999999998748
201600,-99.99999999999373
205200,-100.0
208800,-99.99999999999997
212400,-99.99999999999997
216000,-99.99999999999736
219600,-99.99999999999473
