time,vpos
201600,-99.99999999999777
205200,-99.99999999999744
208800,-99.99999999996845
212400,-99.99999999996815
216000,-99.99999999999538
219600,-97.78106593032521
223200,-95.56213186065612
