time,vpos
205200,-99.99999999999996
208800,-99.99999999999741
212400,-99.99999999999733
216000,-99.99999999999987
219600,-96.92721071914596
223200,-89.69225754230682
226800,-85.53009364632163
