time,vpos
208800,-99.99999999999912
212400,-99.99999999997613
216000,-99.99999999997537
219600,-96.59884057034434
223200,-87.10676063157447
226800,-76.27083947745426
230400,-71.52583883245063
