time,vpos
212400,-99.9999999999995
216000,-99.99999999999955
219600,-96.47265853192862
223200,-85.98550330812775
226800,-71.71496346522605
230400,-32.203534488827025
234000,-0.002831599599812685
