time,vpos
21600,36.47413585017987
25200,36.74686369672676
28800,18.505864958498314
32400,-0.009427721443460702
36000,0.011628000134329406
39600,0.02799601406107844
43200,0.0217422112435991
