time,vpos
216000,-99.9999999999988
219600,-99.9999999999994
223200,-89.00298223380678
226800,-69.3379173375858
230400,-30.335233545669332
234000,-0.0075884289966114404
237600,-0.01457997421258042
