time,vpos
219600,-100.0
223200,-100.0
226800,-79.16219340998023
230400,-29.16215135265019
234000,0.0008059289674690747
237600,0.002078698641217579
241200,0.002629654007570714
