time,vpos
223200,-99.99999999999991
226800,-99.99999999999996
230400,-50.004321549655714
234000,-0.005682709419086507
237600,-0.004372508287480464
241200,0.002589354985851406
244800,0.01120140701993402
