time,vpos
226800,-99.99999999999962
230400,-49.98567782800044
234000,0.024693391689420842
237600,0.01695758938012599
241200,0.0022699413899035497
244800,-0.009810680754817025
248400,-0.010988504909297701
