time,vpos
230400,0.04607599109067991
234000,0.028605324998173868
237600,0.017336346541177657
241200,0.05409219895081928
244800,0.044256786036181675
248400,-0.010348193800411092
252000,-0.024563595948234488
