time,vpos
234000,0.7211689757162324
237600,0.3580961399165476
241200,-0.07573528101314017
244800,-0.02341085245350759
248400,0.051859846321694734
252000,0.05006661065557701
255600,0.09608568990389249
