time,vpos
237600,-99.94593751729558
241200,-99.96478786648115
244800,-50.040410937634675
248400,0.18368210743063287
252000,0.18109047152451402
255600,-0.027733359147730792
259200,0.046900213119404
