time,vpos
241200,-0.15085277733988114
244800,-0.3189450762338683
248400,-0.3514982329383167
252000,0.0833530902116267
255600,0.05433212224060051
259200,-0.2740010266908303
