time,vpos
25200,37.019591538525056
28800,18.309143125474925
32400,-0.28446195965227505
36000,-0.24620029619967237
39600,-0.2933630123002721
43200,-0.20432638803613395
46800,-0.14670871214172246
