time,vpos
28800,0.16458962965654123
32400,0.18067844135255753
36000,0.08112317916959508
39600,-0.07433056412247963
43200,-0.07406710604783354
46800,0.012047707594002241
50400,0.05808939374809603
