time,vpos
32400,0.020168785579747463
36000,-0.0030228865486660672
39600,-0.02085973283476486
43200,-0.058033462145438204
46800,-0.06259942931862328
50400,0.004119173476037658
54000,0.03287518829089558
