time,vpos
0,-0.0037189615739885895
3600,-0.0035654301406822016
7200,-0.012825680420489972
10800,-0.014959399315417286
14400,-0.007679336497230448
