time,vpos
3600,0.15151030273288593
7200,0.07441206622377475
10800,0.007189347112524878
14400,0.005659375518430518
18000,-0.005746113473525174
