time,vpos
36000,0.0015486495459956764
39600,0.020370947038518508
43200,-0.004367010448618532
46800,0.7809744947240778
50400,1.6098762548764338
