time,vpos
39600,0.001900197806177106
43200,-0.00041825210458042535
46800,-0.006770302938017545
50400,-0.006415033112949235
54000,-0.002026162365201334
