time,vpos
43200,-0.053153408292836477
46800,-0.03520974190226844
50400,-0.00868254007640294
54000,0.015954000648893733
57600,0.032007005938892934
