time,vpos
46800,-0.11576552136239582
50400,-0.10296971189858038
54000,-0.04174010419240099
57600,-0.0009288943653929936
61200,-0.00855148278074893
