time,vpos
50400,-0.004332868969777885
54000,-0.013109789353348066
57600,-0.02442325900728802
61200,-0.007949650748344778
64800,0.011060506780968237
