time,vpos
54000,0.005953423426325852
57600,0.08078942440627486
61200,0.14792567129264383
64800,-22.48590990447728
68400,-45.112045726153625
