time,vpos
57600,0.1612479238401764
61200,0.14772170304252533
64800,0.030969998067880887
68400,-0.03548213130116939
72000,0.001291223506773733
