time,vpos
61200,-4.0562152199906345
64800,-4.066850436971703
68400,-4.079782529033412
72000,-2.18773405746851
75600,-0.29338871082296564
