time,vpos
64800,-0.0002739724809830427
68400,0.005725212311132492
72000,0.0070692038075867185
75600,0.009202106456311391
79200,0.01599020240069737
