time,vpos
68400,0.9777899156924766
72000,0.4394196772297962
75600,0.002210701605025959
79200,0.058139001446614845
82800,0.012906038450293632
