time,vpos
7200,0.002144371164469737
10800,0.0008182804739680383
14400,-0.0007517681938033498
18000,-0.0016145048818176713
21600,-0.002233283592562303
