time,vpos
72000,0.5488782943335401
75600,0.2692566336307491
79200,0.008795754528489111
82800,0.00650887055248347
86400,-0.014938795024053153
