time,vpos
75600,0.1170622198643284
79200,0.058962732437413436
82800,-0.015562229326698311
86400,-0.02631060693944452
90000,-0.020633510214993937
