time,vpos
79200,0.21332961576491613
82800,0.14461882655761074
86400,0.04424131123182597
90000,-0.009612406497603377
93600,-0.03179939810855334
