time,vpos
82800,0.40789164146202245
86400,0.27372589983772005
90000,0.06239719334754835
93600,-0.03659877171760101
97200,-0.05843177191688103
