time,vpos
86400,0.3573639835960118
90000,0.35953311918778447
93600,0.19726194653922588
97200,0.020346731386635106
100800,0.007871824474375552
