time,vpos
90000,0.21217107072159905
93600,0.15191075300772405
97200,0.042862050135154706
100800,-0.008468444619505786
104400,-0.011010554215471917
