time,vpos
93600,0.2857723970914586
97200,0.15500213967534363
100800,0.02688134882864191
104400,-0.00035402698505797715
108000,-0.03023886936817109
