time,vpos
97200,0.08142169808470825
100800,0.030326040782505677
104400,0.003062385202528868
108000,0.00030899953156474026
111600,-0.026276387861625155
