time,vpos
100800,35.87850978640901
104400,35.99639769861804
108000,36.25729795495198
111600,36.70448301294136
115200,37.00865572680581
