time,vpos
104400,36.044983745644075
108000,36.24019899895572
111600,36.738582221010375
115200,18.4599838960774
118800,-0.1217823975985832
