time,vpos
10800,0.0010448281277477846
14400,-0.0004796355102151931
18000,-0.01329403499593847
21600,0.004344602139717525
25200,0.033273175123133825
