time,vpos
108000,35.10563711339714
111600,35.397823078891086
115200,-32.154995477807425
118800,-99.99999999999143
122400,-99.99999999998298
