time,vpos
111600,-0.002768632872821942
115200,-50.001384316399225
118800,-99.99999999991161
122400,-99.99999999994651
126000,-99.99999999999541
