time,vpos
115200,-99.99999999999751
118800,-99.99999999997806
122400,-99.99999999997317
126000,-99.9999999999918
129600,-99.9999999999959
