time,vpos
118800,-99.99999999998246
122400,-99.99999999997715
126000,-99.99999999997983
129600,-99.99999999999388
133200,-99.99999999999991
