time,vpos
122400,-99.99999999998253
126000,-99.9999999999855
129600,-99.99999999999415
133200,-97.51460872253293
136800,-95.02921744506607
