time,vpos
126000,-99.99999999999949
129600,-99.9999999999997
133200,-96.98380982573474
136800,-83.5386078033364
140400,-73.10959595520326
