time,vpos
129600,-99.99999999997455
133200,-99.99999999996311
136800,-83.95037978404629
140400,-56.16828631513532
144000,-44.43581306212971
