time,vpos
133200,-99.99999999994394
136800,-99.99999999989262
140400,-67.74711123390674
144000,-17.74707980533421
147600,6.285730373253877e-05
