time,vpos
136800,-99.99999999997573
140400,-99.99999999998786
144000,-50.00004681024605
147600,0.0004955934314128655
151200,0.0010848073549102253
