time,vpos
140400,-45.585585440100296
144000,-22.793719755978437
147600,0.008012615526555706
151200,0.00821860283699046
154800,-0.001442097235707785
