time,vpos
14400,51.63960161229848
18000,51.988832636109294
21600,52.89916286473766
25200,53.84762173341955
28800,54.23498139728387
