time,vpos
144000,0.14232369139005527
147600,0.09120759849158498
151200,-0.05149924323057677
154800,-0.07437714905752822
158400,-0.005664306060788202
