time,vpos
147600,-0.06168898081482878
151200,0.02288639806556447
154800,0.002079170996447603
158400,-0.03631356627260569
162000,0.03067630240785113
