time,vpos
151200,-0.10062790560740155
154800,-0.048841376160697926
158400,0.0017655898216333208
162000,0.00164066071388046
165600,0.0026952950704999907
