time,vpos
154800,-0.0007577029795873907
158400,-0.0021857629507888304
162000,-0.001168694704398926
165600,-0.005271195656375468
169200,-0.011818824825943354
