time,vpos
158400,-100.0
162000,-99.99523662909142
165600,-49.80012881043213
169200,-0.0006412880603890933
172800,-0.391498213439383
