time,vpos
162000,-0.027455830508383874
165600,0.07797970766546498
169200,0.09445897240312183
172800,0.004285582326099125
176400,0.003068465685268435
