time,vpos
165600,1.7458504056137708e-05
169200,-0.002248561230364126
172800,-0.0008037902111698667
176400,0.000789900494852876
180000,-0.0013271995527389035
