time,vpos
169200,-99.99780268906169
172800,-99.99890134453085
176400,-100.0
180000,-50.002332819102804
183600,-0.004665638205605084
