time,vpos
172800,-0.05087179359248403
176400,-0.011053593877083715
180000,0.04550112440587091
183600,0.032675313717130415
187200,0.0031129844608356167
