time,vpos
176400,-0.10589524956942323
180000,0.4058884786682198
183600,0.4727592330032683
187200,0.01163794101973627
190800,-0.004570377061201135
