time,vpos
18000,52.33875241823811
21600,52.90124260825083
25200,53.847312403610005
28800,27.03409226422683
32400,-0.16270748050280334
