time,vpos
180000,0.10069597169932991
183600,0.07288771134995851
187200,0.019769758932316264
190800,-0.003077754821481318
194400,-0.0006155765070080481
