time,vpos
183600,0.10358489444414468
187200,0.09906757098275694
190800,0.047129330484971435
194400,0.00023915506750946008
198000,0.0007698966864452544
