time,vpos
187200,34.81027878800101
190800,34.98602979998252
194400,35.20839586739126
198000,35.34778198846045
201600,35.44055305410238
