time,vpos
190800,35.028279686140415
194400,35.158742440578784
198000,35.413832285424775
201600,17.653576811550206
205200,-0.23130575273197884
