time,vpos
194400,21.939215947491487
198000,22.007939418878923
201600,-38.961668554861106
205200,-99.99999999999119
208800,-99.9999999999938
