time,vpos
198000,-28.013566057792072
201600,-64.00678302888639
205200,-99.9999999999903
208800,-99.99999999998393
212400,-99.99999999996795
