time,vpos
201600,-99.99999999999868
205200,-99.99999999999893
208800,-99.99999999999143
212400,-99.99999999999172
216000,-99.99999999999976
