time,vpos
205200,-99.99999999999334
208800,-99.99999999999606
212400,-99.99999999999878
216000,-99.9999999999916
219600,-99.99999999998442
