time,vpos
208800,-99.99999999999875
212400,-99.99999999999905
216000,-99.99999999999932
219600,-97.85759603516084
223200,-95.71519207032235
