time,vpos
212400,-99.99999999999993
216000,-99.99999999999842
219600,-97.01804746065429
223200,-90.08102396039497
226800,-86.1259529994783
