time,vpos
21600,53.45873663937434
25200,53.8472766291788
28800,27.120717186336186
32400,4.375653169081496e-06
36000,-0.005609002382774779
