time,vpos
216000,-100.0
219600,-100.0
223200,-90.7801656596127
226800,-76.98766740238186
230400,-72.41500348553829
