time,vpos
219600,-100.0
223200,-99.99999999998852
226800,-82.38034362530358
230400,-32.38029566317311
234000,9.592428392714364e-05
