time,vpos
223200,-99.99999999999997
226800,-99.99999998891127
230400,-49.99999936874236
234000,-4.5648124632144153e-07
237600,-2.153300322690552e-06
