time,vpos
226800,-99.999999999998
230400,-50.00008508274115
234000,-0.0004025728166775805
237600,0.0009980605396220335
241200,0.002631101228280981
