time,vpos
230400,-27.81505416044968
234000,-27.904147259153333
237600,-13.99652146244246
241200,0.00048630160147619217
244800,0.0007751702308892844
