time,vpos
234000,-0.0034826527050988033
237600,-0.0014494749501339343
241200,0.0010529115850786519
244800,0.0009970956069253983
248400,0.00047207084852442775
