time,vpos
237600,-0.0031363654367820492
241200,-0.003582945889502521
244800,-0.0022913923948247087
248400,0.00012740503653111708
252000,0.0008080685204886584
