time,vpos
241200,0.07719315347907157
244800,0.08029705643180893
248400,0.05627971516450963
252000,0.023381778587766435
255600,0.01760508623105988
