time,vpos
244800,-0.0014131369361951977
248400,-0.006122884909817933
252000,-0.007454565481135395
255600,-2.0345959167541083e-05
259200,0.0040358061604950386
