time,vpos
248400,0.017491880355491603
252000,0.01917614276515
255600,0.0010717548678409795
259200,-0.018716895439126437
