time,vpos
25200,54.23581661813791
28800,27.11911708954134
32400,0.0073128932676162234
36000,0.005987167512595209
39600,-0.00023389056527081564
