time,vpos
28800,0.027191717403333586
32400,0.016791480572352302
36000,0.02347297228175538
39600,0.04724040485969651
43200,0.053926108897253265
