time,vpos
32400,-0.13697398486084902
36000,-0.07024062518618615
39600,-0.0006810525305823662
43200,0.0012733019943970958
46800,0.0004014435384356744
