time,vpos
0,-54.98578331257077
3600,22.506964979070155
7200,63.65862190597873
10800,12.403724082683114
14400,-2.1946717745433277
18000,11.951180974698197
21600,35.890273010489835
25200,59.55281915878845
28800,36.37347859006167
32400,0.7650395233823768
36000,1.8898372858415404
