time,vpos
61200,-88.82092199139296
64800,-73.09528238579905
68400,-59.78333083720736
72000,-36.77471025503093
75600,-15.166791775907598
79200,-9.966846654994752
82800,0.08599740918793145
86400,-2.3667582997901655
90000,1.2406667238269498
93600,8.994315800018175
97200,9.649275360399663
