time,vpos
64800,-99.76246009617107
68400,-86.97412388716418
72000,-56.320619248247674
75600,-29.2508421958661
79200,-12.909033463129003
82800,1.0321196159369668
86400,13.614047479447411
90000,14.249301248559048
93600,9.385586607291751
97200,7.715734985368178
100800,5.766876879113887
