time,vpos
68400,-68.66543506538866
72000,-53.72601835172253
75600,-22.71581204507516
79200,-0.3485483900683616
82800,13.062569154432769
86400,13.078309680289607
90000,9.035664516204822
93600,11.65188784194941
97200,9.8229506601965
100800,9.170301782024886
104400,9.906555618816837
