time,vpos
7200,0.5534595114859691
10800,27.564924858359824
14400,49.41240858201421
18000,43.016924081789384
21600,33.28431686017704
25200,62.34661062133527
28800,49.22521999439763
32400,-0.534398310290783
36000,3.787004819418429
39600,3.499618142919318
43200,-0.18400123527455625
