time,vpos
72000,-5.720980379201135
75600,-2.8917526832450586
79200,-0.16724798563365925
82800,1.9144374085443838
86400,4.299416455174396
90000,11.474378121495763
93600,12.090986451645836
97200,8.86424601131004
100800,6.916736457068207
104400,3.761485231673022
108000,5.68678580224788
