time,vpos
75600,-4.335893571274155
79200,-4.303132005447287
82800,0.5194356363072302
86400,5.933222227441803
90000,11.344455448872159
93600,8.585506911741021
97200,4.518661631058979
100800,9.569664991526906
104400,8.725860622646673
108000,5.311423403202628
111600,4.312437950434215
