time,vpos
90000,13.652725885968817
93600,16.357547928526238
97200,25.744006415638925
100800,38.291151162429514
104400,54.95072115591726
108000,65.4343071183084
111600,64.34616829820988
115200,-18.21574739651368
118800,-100.0
122400,-100.0
126000,-100.0
