time,vpos
93600,47.37995887280923
97200,33.61419178386109
100800,29.313863404727652
104400,28.605657848302997
108000,37.4712394147644
111600,68.07757019606318
115200,-10.177662427669404
118800,-100.0
122400,-99.99999999849314
126000,-99.99999999849314
129600,-100.0
