time,vpos
97200,49.26510332205499
100800,50.54140494810587
104400,53.35849580475455
108000,55.807535270273625
111600,62.69002617783785
115200,25.397194953358067
118800,-58.93493847188229
122400,-99.99999999999994
126000,-99.99999999999999
129600,-99.99999999999591
133200,-99.99999999999186
