time,vpos
100800,57.27106929196671
104400,61.75411861149895
108000,71.61834798252904
111600,87.33781004700778
115200,61.53643932075408
118800,-37.301606709240254
122400,-99.99999999999999
126000,-99.9999999998464
129600,-99.9999999998464
133200,-94.96220881482046
136800,-89.92441762964096
