time,vpos
104400,-87.61575454765023
108000,-8.012356758074635
111600,82.99222333520937
115200,67.61280441149168
118800,-29.583898407967208
122400,-100.0
126000,-100.0
129600,-99.99999999999851
133200,-98.86185230188909
136800,-83.09517070315799
140400,-68.46663680253484
