time,vpos
10800,23.60647937016966
14400,35.73301240714869
18000,46.44738855514997
21600,51.82263891312081
25200,73.95410152060941
28800,62.77457687502488
32400,14.798843914554933
36000,-5.255203233221897
39600,-0.8580414694448791
43200,1.5486642889226263
46800,0.9563140900816749
