time,vpos
111600,99.9998878360351
115200,-5.6081982446887224e-05
118800,-99.99999999999999
122400,-99.99999999800802
126000,-99.99999999800802
129600,-99.99999999874923
133200,-82.73334775056394
136800,-9.416661987318179
140400,1.6597075083120112
144000,17.775077626483643
147600,78.8641117653363
