time,vpos
129600,-99.99999999997519
133200,-99.9999999999712
136800,-78.8660082116686
140400,-50.773709135342585
144000,-71.90751594005498
147600,-98.8346239973333
151200,-88.50874787054745
154800,-67.37228958667826
158400,-51.426691784517395
162000,-41.809873255487204
165600,-36.16306433607299
