time,vpos
140400,-99.99989527985966
144000,-99.94066039841324
147600,-99.69434785650448
151200,-95.49775635216943
154800,-95.74065229619609
158400,-56.013793080661486
162000,-5.006109479511264
165600,4.045663339501807
169200,13.407045154979738
172800,-12.025468660516564
176400,-44.79600607019402
