time,vpos
151200,-99.99999673641699
154800,-99.99951412035573
158400,-99.99951568232694
162000,-63.63279094316729
165600,-18.835146577795882
169200,-7.876334757932116
172800,0.9784900675429125
176400,-7.751810032117346
180000,-8.834930706930336
183600,0.4532530320568128
187200,-4.2321911075938035
