time,vpos
154800,-99.9993571039756
158400,-99.99901450857777
162000,-52.96681032032421
165600,-11.849977166193554
169200,-10.205072756741632
172800,-5.97010051019865
176400,-2.056228311800448
180000,5.985114172209802
183600,4.779260398110755
187200,-3.137164716217164
190800,-9.045226372468033
