time,vpos
158400,-99.99995275273848
162000,-50.07995042510597
165600,-4.56439473203092
169200,-0.39514326131254784
172800,-11.224320542866497
176400,-3.6118211003486986
180000,15.12495985804962
183600,15.458744745684589
187200,13.503564804004517
190800,1.1300222943220937
194400,-0.6759615150960291
