time,vpos
172800,58.59981636583165
176400,65.49340620564838
180000,79.3330999495827
183600,89.05972633901942
187200,94.59904797396067
190800,85.7589795870061
194400,42.771367366702925
198000,18.476935028029352
201600,-37.21437631345887
205200,-99.99999999995222
208800,-99.99999999990445
