time,vpos
176400,47.74073564798137
180000,39.79718824999703
183600,12.861036979203549
187200,38.434143113441266
190800,72.07235016246915
194400,52.70989568440394
198000,28.61402526650104
201600,-43.52344680815868
205200,-99.99999999248088
208800,-100.0
212400,-100.0
