time,vpos
18000,42.066475420285705
21600,50.62729939211066
25200,77.97691572782148
28800,58.291795016626594
32400,28.46319309159143
36000,-31.44229886962585
39600,-70.56092947765262
43200,9.107129587988819
46800,39.78269163844262
50400,-39.8886061023494
54000,-99.99957933118992
