time,vpos
183600,14.102370187265405
187200,11.801417373860625
190800,18.57566454708185
194400,37.58216214057937
198000,45.46607683347341
201600,-28.290653040252028
205200,-100.0
208800,-100.0
212400,-100.0
216000,-100.0
219600,-100.0
