time,vpos
187200,13.009380547388554
190800,15.216555406576257
194400,26.52066355049132
198000,38.51723214301007
201600,-29.291566274599273
205200,-100.0
208800,-100.0
212400,-100.0
216000,-100.0
219600,-94.13148191262859
223200,-88.26296382525717
