time,vpos
198000,99.99999992053657
201600,50.416511827092236
205200,1.8704648151541623
208800,-42.30426620270358
212400,-82.51945494039636
216000,-82.11884810035986
219600,-27.084639630502593
223200,18.454811442935647
226800,-10.115128679533852
230400,-27.42038035103717
234000,-30.24682581812473
