time,vpos
201600,50.41613905033033
205200,-24.791913830444738
208800,-99.9999732508475
212400,-49.1501738913235
216000,50.84156602743928
219600,24.966697146024647
223200,-42.128781760365946
226800,-3.592536271456215
230400,-36.48880708856315
234000,-75.54108344818215
237600,-51.082167496419615
