time,vpos
205200,-100.0
208800,-99.99999999999991
212400,-99.99999999999991
216000,-99.99999999529912
219600,-39.70713285474277
223200,-8.53420690528972
226800,-24.778009500538385
230400,-24.51036996239907
234000,-44.955410413007925
237600,-48.37576228950324
241200,-43.959572768404136
