time,vpos
208800,-100.0
212400,-100.0
216000,-99.99999999999754
219600,-70.46751058639889
223200,-23.134430328758874
226800,-11.513672851182438
230400,-16.346552115496948
234000,-24.692288684815306
237600,27.78037923646211
241200,25.25550083368072
244800,-39.43473616184931
