time,vpos
21600,73.81421838648933
25200,78.03607000001053
28800,62.60350970302626
32400,16.462898936924113
36000,-5.175903579159731
39600,-2.748143146450893
43200,0.7120313643885952
46800,3.9295870106747053
50400,-4.315256072923392
54000,-9.758020765634718
57600,-9.618197146105329
