time,vpos
216000,-100.0
219600,-99.99999999997145
223200,-61.594831026365284
226800,-11.121758945208757
230400,-1.0761186863491867
234000,-10.495469819835327
237600,-18.005144047459407
241200,-17.804531497128306
244800,-17.906852626885637
248400,-22.533768870034393
252000,-26.745165490237444
