time,vpos
219600,-99.99999999925197
223200,-99.9999999883659
226800,-60.37640803805351
230400,-9.783796231002778
234000,-3.097452327510183
237600,-10.709606386240884
241200,-12.622627296025394
244800,-10.914487500526574
248400,-17.83131840038174
252000,-23.72188972772786
255600,-22.403947544534365
