time,vpos
223200,-99.9999354746087
226800,-99.9999617587402
230400,-97.20268792140834
234000,-18.55461500828382
237600,29.462171934100823
241200,2.4075256296577487
244800,18.07922900874285
248400,17.140526306495353
252000,50.62364306247454
255600,49.242902859453544
259200,-1.4520206360458057
