time,vpos
226800,-99.9999999998629
230400,-93.00103101897501
234000,-88.71650799494445
237600,-91.84107152103587
241200,-89.11113920039149
244800,-63.74320135723484
248400,-11.135770336780176
252000,41.724387924174714
255600,36.77967104301495
259200,9.354338968076831
