time,vpos
25200,82.28306600030248
28800,61.54391229980429
32400,17.38499578401822
36000,-2.8958036283525708
39600,2.142483580268265
43200,-0.17712451527689027
46800,-6.01884531539023
50400,-8.862328707516465
54000,-5.713776014626052
57600,-1.561738586032553
61200,-1.778948343591272
