time,vpos
28800,40.06175228869011
32400,26.114291689754964
36000,-2.528125666451215
39600,-14.926556174660613
43200,-6.817078887255567
46800,-7.8241211971400935
50400,-11.555984708954686
54000,-8.641852606665406
57600,-5.339337555793051
61200,-17.7790071566121
64800,-33.69518954242757
