time,vpos
0,-100.0
3600,-60.55124251741806
7200,-22.459474322043526
10800,-9.265762994906575
14400,5.284937619437778
