time,vpos
3600,-44.880725069798046
7200,-29.5544980777814
10800,-12.034052958505256
14400,-50.50428614863186
18000,-91.16873746601796
