time,vpos
36000,5.584075765398736
39600,2.7600886554624773
43200,-0.012546682258048525
46800,-0.15959346215207038
50400,-0.3579920142618253
