time,vpos
39600,-1.7445594231731487
43200,-1.0294374614947004
46800,-0.7861227453286969
50400,-0.23736021709579977
54000,0.7832095566495423
