time,vpos
43200,-1.638506280572559
46800,-0.404725120409818
50400,0.6603452091768219
54000,1.7135633949051403
57600,2.93549241120956
