time,vpos
46800,-20.256676188199172
50400,-19.900435266672726
54000,-8.560877519415728
57600,3.3660684275629493
61200,4.3096975488110765
