time,vpos
50400,0.00021533301969047558
54000,-0.07192365291480549
57600,-0.07197531686497119
61200,-0.5865010632941338
64800,-1.1731141317076266
