time,vpos
54000,12.818460980969476
57600,1.0862115966363697
61200,-7.528308065811121
64800,-2.2487178714018388
68400,-0.08685739887817234
