time,vpos
57600,-5.278921642141173
61200,-6.669816510249868
64800,-12.562366075796252
68400,-8.354024143868683
72000,0.3559724854965712
