time,vpos
61200,-99.99825771434392
64800,-43.07840100326946
68400,6.901464704956705
72000,49.980714493157656
75600,99.9999552842069
