time,vpos
64800,-5.250682013700365
68400,-7.2642668724803965
72000,-8.837018661145429
75600,-34.85278698147243
79200,-61.30938837191443
