time,vpos
68400,-10.832708696746767
72000,-10.178575209541076
75600,-7.300801253212491
79200,-5.374186307553372
82800,-5.671211831017149
