time,vpos
7200,-20.298923801985204
10800,-2.357021230348723
14400,7.210776985135848
18000,-8.730091352369614
21600,-16.296855333723165
