time,vpos
72000,-3.7113547909127966
75600,-2.4769795816256712
79200,-5.1666985919919455
82800,-4.460973791326651
86400,0.1688452289920426
