time,vpos
75600,-35.71550653520229
79200,-35.79950491165666
82800,-36.08986107390073
86400,-18.087291021911675
90000,0.12163681586706773
