time,vpos
79200,-6.198948322790812
82800,2.761647577372312
86400,-3.895972109902748
90000,-12.226428259305164
93600,-4.938668821269395
