time,vpos
82800,-28.82057517293251
86400,-26.354643714194626
90000,-13.407668414139524
93600,-0.34299639582575436
97200,2.2406317811707934
