time,vpos
86400,-36.31654637782395
90000,-32.00125986277662
93600,-13.816305442463234
97200,0.01997937306368904
100800,-0.013403716675449066
