time,vpos
90000,-30.866723680358348
93600,-25.901031174755325
97200,-10.640773178955524
100800,-0.1686414742106998
104400,0.008924740337346764
