time,vpos
93600,-1.9909713680324503
97200,-1.7464336569205492
100800,-0.5562143515821322
104400,-0.14967291740288316
108000,-0.6888130774501497
