time,vpos
97200,-1.8907050421724383
100800,-1.1125765510909869
104400,-0.47816535693883266
108000,-0.956972973931488
111600,-1.292063293994846
