time,vpos
100800,98.71831641657548
104400,99.07952725623979
108000,99.72036904795176
111600,99.99999999999956
115200,99.99999999999967
