time,vpos
104400,99.44074115254745
108000,99.72037057627372
111600,100.0
115200,100.0
118800,100.0
