time,vpos
10800,-16.85155287017734
14400,-14.072868454060083
18000,-18.790456305429384
21600,-29.049636900272667
25200,-31.812545227629396
