time,vpos
108000,99.99999994743987
111600,99.999999547708
115200,0.022734539323610026
118800,-38.78356306783078
122400,22.38740393366733
