time,vpos
111600,99.99999997165806
115200,-1.4160000949559048e-08
118800,-99.99999999998387
122400,-62.79927631562663
126000,-25.598552631263576
