time,vpos
115200,-99.99999999991664
118800,-99.99999999995508
122400,-99.9999999999511
126000,-99.99999999992784
129600,-99.99999999994694
