time,vpos
118800,-99.99999999994625
122400,-99.99999999997313
126000,-100.0
129600,-99.99999999999459
133200,-99.99999999998917
