time,vpos
122400,-99.99999999999146
126000,-99.99999999999571
129600,-99.9999999999957
133200,-97.6224367444803
136800,-95.24487348896919
