time,vpos
126000,-99.9999999999999
129600,-99.99999999999991
133200,-97.07048393042612
136800,-84.33472678685867
140400,-74.52848571286502
