time,vpos
129600,-100.0
133200,-99.99999999989546
136800,-84.58729589416131
140400,-58.01312338232813
144000,-46.85165497612454
