time,vpos
133200,-99.99999999990786
136800,-99.99999999989974
140400,-68.78433258885522
144000,-18.784331149735873
147600,2.8783470717996806e-06
