time,vpos
136800,-99.9999999999753
140400,-99.99999999993678
144000,-49.944097903639395
147600,0.057839038636209934
151200,0.0038738846529737564
