time,vpos
140400,-62.71353479982527
144000,-31.356772805281953
147600,-7.899009020160554e-06
151200,-0.3439005555285058
154800,-0.6877961237776039
