time,vpos
14400,86.4182156549739
18000,93.20910782748695
21600,99.96565090978122
25200,99.72125639236629
28800,99.51121096517012
