time,vpos
144000,22.688077374403875
147600,22.764073462650064
151200,15.420377844781111
154800,5.684876053425319
158400,3.369065968184668
