time,vpos
147600,-23.225099550467025
151200,-19.259162673374604
154800,-57.6466128981361
158400,-73.80252853690445
162000,-47.605057073818884
