time,vpos
151200,-6.0305083917985645
154800,-3.5357329653408827
158400,-0.8222139038246102
162000,0.1705423735979501
165600,0.9445550159619197
