time,vpos
154800,-80.16163822272757
158400,-90.08079952648812
162000,-84.38321633754124
165600,-39.22342728049923
169200,-9.680382716164635
