time,vpos
158400,1.0339454148454181
162000,0.5116254465417273
165600,-0.9290203601746957
169200,-3.2870784564189868
172800,-4.726810714250545
