time,vpos
162000,-7.354484408332953
165600,-20.101089012973397
169200,-32.983973421244634
172800,-30.347510426497536
176400,-27.574767628119655
