time,vpos
165600,-10.257011548665828
169200,-5.106005361944819
172800,0.27814640996488765
176400,-1.0241674886136214
180000,-2.5596269723808285
