time,vpos
169200,-4.410215391125946
172800,-6.024987168207669
176400,-3.8525224014678443
180000,0.20325071641156622
183600,0.47178729046942847
