time,vpos
172800,-69.32014710693998
176400,-69.49814164774541
180000,-69.9168493046032
183600,-34.94819727958553
187200,0.2611678614845123
