time,vpos
176400,-25.77806900752734
180000,-19.288624821262438
183600,-54.90593877354982
187200,-74.36145161351541
190800,-51.71020631492871
