time,vpos
18000,99.49434446964644
21600,99.74391867649288
25200,99.99552654046147
28800,50.0212596130535
32400,0.0449590285234099
