time,vpos
180000,-14.168631940849147
183600,-10.772339529716856
187200,-4.651445778211703
190800,-0.7757755276654973
194400,0.375293382507844
