time,vpos
183600,-5.714973113829067
187200,-20.20237210686154
190800,-19.886319949818766
194400,-3.0336399829329617
198000,-0.9844111661223995
