time,vpos
187200,99.96863475138383
190800,55.39164321592976
194400,55.40641956076907
198000,18.81246675024021
201600,-62.37325394058202
