time,vpos
190800,24.116271207535597
194400,12.093050424927581
198000,11.931059277814033
201600,6.738414721350939
205200,-10.315459470606623
