time,vpos
194400,-73.55230482617712
198000,11.665657860776763
201600,-1.5566004470273398
205200,-99.99836602890674
208800,-99.99991061602819
