time,vpos
198000,11.843368035418653
201600,-44.078315982290675
205200,-99.9999999751645
208800,-99.9999999751645
212400,-100.0
