time,vpos
201600,-99.9999999999853
205200,-99.99999999993607
208800,-99.9999999999434
212400,-99.99999999993648
216000,-99.99999999987298
