time,vpos
205200,-99.99207854928302
208800,-99.99603927464152
212400,-100.0
216000,-100.0
219600,-100.0
