time,vpos
208800,-100.0
212400,-99.99613601303889
216000,-99.9816572402766
219600,-88.07072565652247
223200,-76.17040885856953
