time,vpos
212400,-99.9999999999987
216000,-99.99999999999933
219600,-93.08706216105497
223200,-78.03473406430442
226800,-69.89534380649883
