time,vpos
21600,99.99118467601207
25200,99.99559233800603
28800,49.57326292860937
32400,-0.39685127350200833
36000,0.05977159577724623
