time,vpos
216000,-99.97644909167232
219600,-99.98822454583586
223200,-78.78097709100501
226800,-44.244255744088875
230400,-30.92655730616714
