time,vpos
219600,-99.99999999721031
223200,-99.99999999859182
226800,-69.81835855530822
230400,-19.81809010549453
234000,0.0005368996540477207
