time,vpos
223200,-100.0
226800,-100.0
230400,-50.00832566444342
234000,-0.006267820782333806
237600,0.004115687322182729
