time,vpos
226800,-100.0
230400,-49.99693781432348
234000,0.002722977320042025
237600,0.2938970560331638
241200,0.5884725287792819
