time,vpos
230400,-24.237076590324826
234000,-24.37057046052104
237600,-18.86326810407394
241200,-6.581798681816122
244800,0.05887451379837985
