time,vpos
234000,-1.1581528254286602
237600,-1.8573867665309087
241200,-2.1785334785268833
244800,0.07879586986724446
248400,1.958037989155098
