time,vpos
237600,-0.44649209474625196
241200,-0.499476685890919
244800,-0.9023530722347347
248400,-0.5405623812832866
252000,0.17112010486731014
