time,vpos
241200,1.108701577569721
244800,-0.010750391321245282
248400,-0.6967250909454744
252000,-0.419805524921559
255600,-0.5763632281643806
