time,vpos
244800,2.2889420205784887
248400,1.8460580713925503
252000,0.479239074508522
255600,-0.2433453957344126
259200,-0.04199481827925732
