time,vpos
248400,-0.7031705157450288
252000,-0.3597011584851241
255600,0.008325726917705216
259200,0.03288325506062991
