time,vpos
25200,99.99989782784436
28800,49.98968472043854
32400,-0.8292667723472752
36000,-0.8119053394691519
39600,0.014194478788952957
