time,vpos
28800,15.083976689216314
32400,2.003485952446943
36000,-7.625988048534009
39600,-1.5415016698599693
43200,1.0919679730256506
