time,vpos
32400,-11.479521786288052
36000,-6.869685642794041
39600,48.86154226114689
43200,51.57175712588392
46800,3.1605802301740566
