time,vpos
3600,-71.7524488156832
7200,13.89080911368305
10800,99.76486803263272
14400,65.50318023603418
18000,3.5027938419497415
21600,0.6958752869656804
25200,62.65518047499199
28800,99.76988011243145
32400,99.81312680737447
36000,0.001717229065145709
39600,-99.99656554185565
