time,vpos
43200,-99.99999456577119
46800,-99.977921679763
50400,-99.96523364663253
54000,-3.421669874152178
57600,-3.4343532860258152
61200,-99.99298104268262
64800,-99.81787086868431
68400,-91.47633412246951
72000,-86.03319878063338
75600,5.61705309252104
79200,99.99760047663071
