time,vpos
50400,100.0
54000,0.0
57600,0.0
61200,0.019041297291244597
64800,-99.98095870270876
68400,0.0
72000,0.0
75600,-100.0
79200,-100.0
82800,-99.99999999999989
86400,-99.99999999999977
