time,vpos
57600,-99.9999999166455
61200,-99.52625385456707
64800,0.472879528801462
68400,-0.0002467136068828868
72000,0.0006198613049013257
75600,4.984018753262376e-09
79200,-98.91450232587697
82800,-32.90863180746988
86400,34.49466856126941
90000,38.75459867053072
93600,40.5316012653897
