time,vpos
61200,-43.87431010194097
64800,-59.33204426468074
68400,-55.64239708381587
72000,-38.73254514886355
75600,-60.73628770304471
79200,-71.7880963038091
82800,-32.46140941158948
86400,10.330866354041527
90000,23.54741465732035
93600,18.234827918188536
97200,11.885686293953754
