time,vpos
64800,-94.67700076284754
68400,-62.60885881444111
72000,-21.625927714974534
75600,-38.67620001357814
79200,-82.32053697794355
82800,-63.88777400076745
86400,-7.046804041751625
90000,-43.157996073829324
93600,0.000940213477457208
97200,0.0010916768433233415
100800,-99.99781664631335
