time,vpos
68400,-50.24760002695129
72000,-22.00530137461789
75600,-5.511979763889126
79200,-8.35306641617706
82800,-21.990579251577323
86400,-16.285381605364
90000,-0.9748861225863166
93600,9.246875740691646
97200,23.3177756103367
100800,-18.044966092151103
104400,-50.3167404128534
