time,vpos
7200,79.06014972448567
10800,-10.35566550352719
14400,-46.89496621766653
18000,52.96883782309001
21600,40.80692327299321
25200,40.13229648700186
28800,97.52706003895256
32400,94.53016257424545
36000,76.79841996227998
39600,-19.32423564982021
43200,-99.63223237562427
