time,vpos
72000,-36.33658321724395
75600,-20.12307685115486
79200,-5.006663160427427
82800,-8.314508687755087
86400,0.35418990212037416
90000,4.906797456268346
93600,7.0665267816586494
97200,6.45089312857389
100800,-2.6541838217575244
104400,-8.881517419232441
108000,-15.105980932544497
