time,vpos
75600,-16.236144657883486
79200,-12.929498081448706
82800,-8.254310526125083
86400,-1.8240846613506956
90000,3.8350873054406582
93600,8.535484758266087
97200,12.164975589715493
100800,7.550587130360829
104400,2.373976473330117
108000,-1.9500904162225905
111600,-5.238515567629038
