time,vpos
79200,92.97860864867525
82800,25.624174782658304
86400,27.870590696718654
90000,30.52436553847182
93600,-68.16422200215116
97200,-99.42557884014396
100800,-59.984196205290566
104400,-60.50099376603456
108000,-74.0147410003739
111600,23.204068451986846
115200,94.4586007073956
