time,vpos
82800,87.18257876981929
86400,29.99480414895358
90000,-59.80979141600484
93600,3.71411439103741
97200,87.85156354743464
100800,18.237859505469373
104400,-34.21250584622085
108000,21.227488167478707
111600,-12.978181604877792
115200,-89.91071044854509
118800,-82.35763660169363
