time,vpos
97200,100.0
100800,99.99998361855097
104400,44.50217892007644
108000,44.50217329312444
111600,99.76974077935319
115200,8.223921867463691
118800,-90.79372854867327
122400,-98.0398839597872
126000,-98.79198280369043
129600,-24.110668371863227
133200,51.77863620084546
