time,vpos
100800,99.60127772723665
104400,0.46726696897705366
108000,0.66351880991945
111600,99.99686685794433
115200,0.004544162384134687
118800,-99.95075933519726
122400,0.021728657259645345
126000,99.97697414746544
129600,79.83114246670692
133200,-19.168780055260836
136800,-98.00000875191947
