time,vpos
111600,100.0
115200,26.403683478107897
118800,-73.28608773943056
122400,-99.68969765840944
126000,-99.8575450718109
129600,-8.031360077272925
133200,69.55435917350125
136800,-13.222861149006654
140400,-6.863737237885658
144000,3.360866824570341
147600,-61.45271541276984
