time,vpos
115200,-99.9955401917794
118800,-99.99777004965387
122400,-99.99560478264064
126000,-99.99560480242681
129600,-0.004703728707161625
133200,13.226858176749612
136800,-49.78342145803325
140400,29.440159538870947
144000,-7.54475707118894
147600,-99.99988149446874
151200,-99.99996298893834
