time,vpos
118800,-99.99999999994775
122400,-99.9999999999649
126000,-97.67592098797385
129600,-95.55534313796824
133200,-9.047034959882616
136800,-3.724602807923194
140400,-85.16621126566007
144000,-73.7059365682186
147600,-76.19270867733816
151200,-82.25728394625125
154800,-74.3225811389952
