time,vpos
122400,-99.99922056172541
126000,0.0003897191366286634
129600,82.72559075302476
133200,82.72559075298165
136800,99.99999999995592
140400,4.6074255521944e-13
144000,-89.79181455839364
147600,-83.35334642614166
151200,-87.34612863586307
154800,6.215403231884137
158400,99.99999999999993
