time,vpos
126000,-99.99999999995418
129600,-99.99999999997709
133200,-98.54553391986973
136800,-35.774237696888825
140400,62.49985643088102
144000,46.33185540057384
147600,-18.813066900888277
151200,-47.39735009057212
154800,-31.20001348382349
158400,1.7941741450794961
162000,2.026399263785759
