time,vpos
129600,-99.99999999999999
133200,-100.0
136800,-76.41074748702795
140400,-15.13771273814747
144000,0.3927915478729241
147600,-16.60777558868004
151200,-20.353122607954642
154800,-23.34694829488614
158400,-8.894224345383586
162000,2.9152146732106665
165600,6.176161887980549
