time,vpos
136800,-100.0
140400,-81.48137993983102
144000,18.478482562829267
147600,99.95986250266029
151200,96.82652236073588
154800,2.611651514304686
158400,-90.85770946235397
162000,-90.91537426363067
165600,-94.2725356477079
169200,-4.380224616225798
172800,91.23955076754841
