time,vpos
144000,99.99999999998983
147600,99.99999999999487
151200,99.99358904224032
154800,99.99141835925596
158400,97.71529427425112
162000,62.94578542749871
165600,-30.017102919919225
169200,-35.43103633608481
172800,59.79257504902302
176400,99.97766869074196
180000,99.9989613916331
