time,vpos
147600,-99.99932800397316
151200,-99.99966400198659
154800,-97.19248978421699
158400,2.8075102157830156
162000,17.029059182133498
165600,-82.85609825255536
169200,-29.183527107858943
172800,70.70163032681808
176400,99.99999999998816
180000,99.9999999904625
183600,99.99999998092498
