time,vpos
151200,-99.99575883388263
154800,-99.93626894897818
158400,-99.3829305858144
162000,0.5554589462218817
165600,10.70874961488828
169200,-50.47645737547282
172800,-55.39261085162137
176400,-94.1353592133591
180000,-38.499803972117
183600,-34.66859368712797
187200,-92.19349013422072
