time,vpos
154800,0.062236123698165224
158400,-49.7738745200335
162000,-98.6416260784075
165600,1.163366503475094
169200,5.849405752971454
172800,-59.964592455156684
176400,-31.236564743466438
180000,-65.38572538666565
183600,-99.96315885131666
187200,-99.99999999998931
190800,-100.0
