time,vpos
162000,-87.26252525779564
165600,-67.70933171210733
169200,-53.741969141857346
172800,-79.66389962656251
176400,-76.85606312564408
180000,-62.832395394847396
183600,-40.26684171977995
187200,-32.137502566975094
190800,-33.05734809945791
194400,8.45244570714239
198000,27.325602244574355
