time,vpos
165600,-49.364395201613526
169200,-69.50003430929952
172800,-94.81759930451722
176400,0.00023740397553373427
180000,27.14292544977409
183600,27.14292544977409
187200,6.106226635438361e-13
190800,-4.1130470872919105
194400,-4.113047087292299
198000,2.220446049250313e-13
201600,100.0
