time,vpos
169200,-100.0
172800,-0.13663792715485346
176400,99.59718135117936
180000,99.73381904627186
183600,80.0436411975921
187200,79.90670692074775
190800,0.34276776456525493
194400,-1.2434356699253468
198000,87.34161194002527
201600,42.58542785079007
205200,7.041355934734956
