time,vpos
176400,-75.26110923261938
180000,-87.63055458848974
183600,-10.281252953407439
187200,41.8711693281089
190800,-23.079970927532734
194400,-30.429667791770914
198000,17.46007504140989
201600,-27.342650395917595
205200,-99.99999999222868
208800,-99.98893339615462
212400,-99.97786679231064
