time,vpos
180000,-96.7580068506066
183600,-53.6009714963007
187200,-44.499632956279285
190800,-32.88032183247942
194400,5.169569642560902
198000,48.57589275410605
201600,11.184251652882537
205200,-88.61941451145339
208800,-99.99999999964861
212400,-99.99928832323862
216000,-99.99857664715665
