time,vpos
183600,-20.908635156749376
187200,-17.496062997511036
190800,-13.484805845471366
194400,11.717396241715452
198000,58.57883615632792
201600,44.157474828802115
205200,-46.26090465944432
208800,-99.99999999984229
212400,-97.76272327701511
216000,-91.80719390570951
219600,-88.08894125713533
