time,vpos
194400,99.9999999936059
198000,99.99602933228317
201600,-0.003721617129937016
205200,-99.99885285324677
208800,-93.35434378018171
212400,-91.46370094078542
216000,-95.20446457389976
219600,-27.193103857776702
223200,-26.349071270800405
226800,-42.783430047026386
230400,6.937085757313508
