time,vpos
198000,99.99997703021536
201600,47.347960624634325
205200,-40.93382737417497
208800,-36.70361938405693
212400,3.2587392303966594
216000,-37.190283130231485
219600,-50.846760493196676
223200,-24.859533571542276
226800,-10.53484330280703
230400,7.162399346304325
234000,9.627254619564596
