time,vpos
201600,99.7912753011325
205200,-0.10433298180837491
208800,-99.99981605879688
212400,-99.99870966527801
216000,-99.99797140011837
219600,-55.354041719998925
223200,44.55359600460574
226800,85.62127796101083
230400,81.04531946359182
234000,45.881105464039024
237600,1.0970667962319962
