time,vpos
205200,-99.99999999998563
208800,-99.99999999998764
212400,-99.99966532000848
216000,-95.89914315888794
219600,-74.32527054653926
223200,-9.261177862731914
226800,29.798080789859014
230400,19.987986739562206
234000,-14.41687907772184
237600,-23.109292447007437
241200,1.3242148507013052
