time,vpos
212400,-99.99743265350153
216000,-99.99871569071226
219600,-99.99999936396149
223200,-99.9997046517035
226800,-29.17800049351188
230400,29.900777655204415
234000,4.221329962185274
237600,-31.671886048267638
241200,1.0306019845719383
244800,29.924926070851093
248400,4.160363145678084
