time,vpos
216000,-99.99846439021194
219600,-99.99923219510598
223200,-69.80416642761097
226800,-30.087033793877495
230400,-13.800525640532705
234000,-30.468730833317604
237600,-45.0576967812492
241200,-17.33988908742738
244800,-10.101674359984585
248400,-9.987703071967845
252000,1.7614128455742415
