time,vpos
223200,-100.0
226800,-99.99999836695444
230400,-97.47945475651491
234000,-19.19328001422888
237600,74.40020404346375
241200,46.29980921651536
244800,45.808177377267796
248400,48.12206839916169
252000,-37.64571245643346
255600,-38.11673272391771
259200,4.057304605585734
