time,vpos
226800,-99.99998554163327
230400,-99.99830450830973
234000,-99.99831172723131
237600,-0.043388000023814044
241200,-0.017177404691459675
244800,-99.7900458779561
248400,-98.90610779432694
252000,-33.777724068954605
255600,32.61023451236945
259200,34.596214541094724
