time,vpos
25200,79.70661779905302
28800,33.66995618582791
32400,1.1992193175624757
36000,8.786181956504807
39600,3.699614278500476
43200,10.85066198425973
46800,2.7852745914315635
50400,-11.586681870764554
54000,-45.78809769924984
57600,-64.37037748290767
61200,-48.79915722970194
