time,vpos
0,25.194688500386942
3600,24.90805288738234
7200,24.476954743746766
10800,24.850814629638364
14400,28.38682942431262
18000,35.426905612037174
21600,34.73038075957757
25200,33.47606721679093
28800,36.94066233603676
