time,vpos
86400,0.44375154669388667
90000,0.4498180645012952
93600,0.6037403225823116
97200,0.9417508100699178
100800,1.8464208506678081
104400,8.16522407681745
108000,22.706403834552514
111600,37.02195784360771
115200,42.40062002769358
