time,vpos
90000,0.9134171296438691
93600,1.0955949625847505
97200,1.4484584051327807
100800,2.3150043764740738
104400,8.606901114398967
108000,23.110067354166404
111600,37.35025331598089
115200,40.07032707462014
118800,37.45734473502157
