time,vpos
100800,4.635838657080779
104400,10.246773171498798
108000,24.817825746854904
111600,39.10577953748021
115200,2.45053996378104
118800,-39.10372727425628
122400,-41.663700678408574
126000,-46.34258266841709
129600,-48.03268318892421
