time,vpos
122400,-99.99999999999983
126000,-99.99999999993736
129600,-84.43807278126732
133200,-58.19391934913043
136800,-36.67801067962804
140400,-16.326579919544155
144000,-7.128934280421772
147600,-8.099132991811024
151200,-8.749229038211864
