time,vpos
234000,-7.958882157797274
237600,-8.439783961868656
241200,-9.037375790288213
244800,-9.321056331026142
248400,-9.769014329043019
252000,-10.276372795481354
255600,-10.861176282317848
259200,-11.219588784343129
