_run_,RExt,_error_,occheff,shgc,tmass
1,4.0,0.7434230373052854,1.9413943981002855,0.486163648419154,50.0
