RExt,occheff,shgc,tmass
4.0,1.9413943981002855,0.486163648419154,50.0
