shgc,tmass,RExt,occheff,maxHeat,Vi,Tve,maxVent
0.486163648419154,50.0,4.0,1.9413943981002855,2689.0,486.5,21.0,4800.0
