shgc,tmass,RExt,occheff
0.0486163648419154,1.0,1.0,0.5765577592401142
