_run_,RExt,_error_,occheff,shgc,tmass
1,4.0,0.8365033602279807,2.0836765735771934,4.6084527139424045,50.0
