RExt,occheff,shgc,tmass
4.0,2.0836765735771934,4.6084527139424045,50.0
