tmass,shgc,occheff,RExt,Tve,Vi,maxHeat,maxVent
50.0,4.6084527139424045,2.0836765735771934,4.0,21.0,486.5,2689.0,4800.0
