tmass,shgc,occheff,RExt
1.0,0.4608452713942405,0.6334706294308774,1.0
