time,vpos
0,-0.052507471238070424
3600,-0.01212541252902375
7200,0.02825664618002293
