time,vpos
3600,0.04178209303611862
7200,-0.02680541447392218
10800,-0.09539292198396299
