time,vpos
36000,-0.013919759109307442
39600,-0.0009508546294214812
43200,0.01201804985046448
