time,vpos
39600,0.0010299593738421348
43200,-0.0003260521259711765
46800,-0.0016820636257844877
