time,vpos
43200,0.007070522798518705
46800,-0.013494082200831498
50400,-0.0340586872001817
