time,vpos
46800,0.037329623102766094
50400,0.010307783607661726
54000,-0.016714055887442642
