time,vpos
50400,0.015046425313424566
54000,-0.002544095647236816
57600,-0.020134616607898198
