time,vpos
54000,3.8679543689322526e-05
57600,4.6047018077634456e-05
61200,5.3414492465946387e-05
