time,vpos
57600,0.007773700740586155
61200,0.00560977013282372
64800,0.0034458395250612853
