time,vpos
61200,3.761857870045529e-06
64800,2.0987675732747624e-06
68400,4.356772765039957e-07
