time,vpos
64800,5.2065805312973e-06
68400,0.02377543579086816
72000,0.04754566500120502
