time,vpos
68400,2.6016798777839245e-06
72000,1.9338250681778107e-06
75600,1.265970258571697e-06
