time,vpos
7200,0.06734095309550436
10800,-0.04782280868849027
14400,-0.1629865704724849
