time,vpos
72000,0.009131444858168494
75600,0.008291152978376338
79200,0.007450861098584182
