time,vpos
75600,3.136885554544562e-06
79200,2.2777381664053527e-06
82800,1.4185907782661433e-06
