time,vpos
79200,-0.005150623289338794
82800,-0.003210683682963614
86400,-0.0012707440765884334
