time,vpos
82800,1.7760337176842347e-06
86400,1.361828946713859e-06
90000,9.476241757434833e-07
