time,vpos
86400,0.0021575145082022157
90000,0.0018528461672232856
93600,0.0015481778262443555
