time,vpos
90000,1.3188706282250481e-06
93600,1.116193067141058e-06
97200,9.135155060570679e-07
