time,vpos
93600,-0.00693249982285812
97200,0.002334869532021552
100800,0.011602238886901225
