time,vpos
97200,0.05220031341181665
100800,-0.03186031301288425
104400,-0.11592093943758515
