time,vpos
100800,0.04422098185901298
104400,-0.026561125795838893
108000,-0.09734323345069076
