time,vpos
104400,0.04809775603632216
108000,-0.02063056801636931
111600,-0.08935889206906078
