time,vpos
10800,0.05102316266775847
14400,-0.03302956352543539
18000,-0.11708228971862925
