time,vpos
108000,74.36881689438984
111600,74.98875330295196
115200,75.60868971151406
