time,vpos
111600,75.60860648766737
115200,37.80432248243893
118800,3.847721048721997e-05
