time,vpos
118800,-99.99999999998926
122400,-99.99999999999463
126000,-100.0
