time,vpos
122400,-99.99999999999987
126000,-99.99999999997394
129600,-99.99999999994799
