time,vpos
126000,-99.99999999995401
129600,-99.999999999977
133200,-100.0
