time,vpos
129600,-99.99999999997966
133200,-99.99999999998738
136800,-99.99999999999511
