time,vpos
136800,-100.0
140400,-99.99999999988496
144000,-99.99999999976991
