time,vpos
140400,-99.99999999999997
144000,-99.99999999999999
147600,-100.0
