time,vpos
14400,-0.05412031097425385
18000,0.011361263742272476
21600,0.0768428384587988
