time,vpos
144000,3.7568932537406646e-07
147600,4.172879881263539e-08
151200,-2.922317277487957e-07
