time,vpos
147600,-0.02150609304615147
151200,-0.013956128288994873
154800,-0.006406163531838278
