time,vpos
151200,1.2329797922667335e-07
154800,-1.1169780420689987e-07
158400,-3.466935876404731e-07
