time,vpos
154800,0.05260385237694232
158400,0.02001468839943198
162000,-0.012574475578078356
