time,vpos
158400,5.6924055833601495e-08
162000,-4.859781819153974e-07
165600,-1.0288804196643964e-06
