time,vpos
162000,0.02464557238915793
165600,0.014019841082657504
169200,0.0033941097761570763
