time,vpos
165600,4.645631714560172e-06
169200,2.721315939778479e-06
172800,7.970001649967862e-07
