time,vpos
169200,-0.0041951617155553365
172800,-0.0016697830503667336
176400,0.0008555956148218694
