time,vpos
172800,7.773693105222503e-06
176400,5.223189374319991e-06
180000,2.67268564341748e-06
