time,vpos
176400,-0.036963738578888475
180000,0.04298688790778318
183600,0.12293751439445483
