time,vpos
18000,-0.009535918875472005
21600,0.0026527569504874206
25200,0.014841432776446846
