time,vpos
180000,2.7360891172297994e-06
183600,1.9396568909954386e-06
187200,1.1432246647610778e-06
