time,vpos
183600,0.0349970445278772
187200,0.03597428507261381
190800,0.03695152561735042
