time,vpos
187200,2.3034751381063173e-06
190800,1.6601526620649634e-06
194400,1.0168301860236095e-06
