time,vpos
190800,0.020052694462892318
194400,0.016490480023823258
198000,0.012928265584754194
