time,vpos
194400,0.0004076858790260686
198000,0.00013640976288600837
201600,-0.00013486635325405186
