time,vpos
198000,0.04840631423233231
201600,-0.0015443602119060741
205200,-0.05149503465614446
