time,vpos
201600,-99.99999999999733
205200,-99.99999999999866
208800,-100.0
