time,vpos
205200,-99.99999999999919
208800,-99.99999999999957
212400,-99.99999999999997
