time,vpos
208800,-99.99999999997362
212400,-99.99999999998681
216000,-99.99999999999999
