time,vpos
212400,-99.99999999998957
216000,-99.99999999999
219600,-99.99999999999042
