time,vpos
216000,-100.0
219600,-99.99999999999302
223200,-99.99999999998604
