time,vpos
219600,-99.99999999992899
223200,-99.99999999990949
226800,-99.99999999989
