time,vpos
223200,-99.99999999989113
226800,-99.999999999924
230400,-99.99999999995684
