time,vpos
226800,-99.99999999998441
230400,-50.00034907854557
234000,-0.0006981571067367632
