time,vpos
230400,-72.73181942510624
234000,-73.06706142982313
237600,-73.40230343454003
