time,vpos
234000,-19.776719197082613
237600,-19.897248900059115
241200,-20.017778603035616
