time,vpos
237600,-0.06855239907369119
241200,-1.1641639184752604e-05
244800,0.06852911579532169
