time,vpos
241200,-0.05310045371204591
244800,-0.029939971715958615
248400,-0.006779489719871325
