time,vpos
244800,-1.074087716684824e-06
248400,2.1746604871681827e-07
252000,1.5090198141184605e-06
