time,vpos
248400,-0.053761560744409714
252000,0.00026435423630508277
255600,0.05429026921701988
