time,vpos
25200,99.99999999999996
28800,49.999999688098626
32400,-6.238027127259007e-07
