time,vpos
252000,9.814717379060586e-05
255600,0.00010588929991961439
259200,0.00011363142604862292
