time,vpos
255600,1.8135484292081117e-05
259200,1.8135484292081117e-05
