time,vpos
28800,-0.010551797812359726
32400,-0.0028274771581687274
36000,0.0048968434960222715
