time,vpos
32400,0.0015305059410154927
36000,0.009838209238345084
39600,0.018145912535674675
