time,vpos
0,-57.467410554101996
3600,-57.28506323905267
7200,-57.62218106275334
10800,-58.36967533017856
14400,-27.669407027208635
18000,-1.3933374309965825
21600,-6.045565266429677
