time,vpos
3600,-14.537610100155623
7200,-9.355489175732028
10800,-4.0097757530955835
14400,-15.5643969108829
18000,-14.975598189856385
21600,-6.959335175244183
25200,-11.250084537658669
