time,vpos
36000,-14.086936956827836
39600,-6.053960915333415
43200,3.947051651165551
46800,5.94127862109778
50400,5.2184235543806325
54000,3.463305200491152
57600,2.457232358246503
