time,vpos
39600,11.205737919610009
43200,11.395569920294802
46800,5.42502076789075
50400,5.334098722402744
54000,8.095235295418277
57600,9.43595103113657
61200,14.084989301440167
