time,vpos
43200,-17.456636268401667
46800,-18.46716705791291
50400,-15.024088298356505
54000,-7.015947682997213
57600,-10.538938987726027
61200,-14.600314644648643
64800,-11.584167930550795
