time,vpos
46800,-99.75204040863291
50400,-48.45725080012503
54000,19.54322458718937
57600,-31.38452597918254
61200,-99.48182549611546
64800,-45.490094212041036
68400,8.965500243787858
