time,vpos
50400,14.22721272893426
54000,19.573317692528935
57600,-24.933397938400592
61200,-74.62083231724095
64800,-75.62183687982346
68400,-40.159884213625425
72000,-3.531540769160994
