time,vpos
54000,24.91681045827498
57600,-37.54159477086251
61200,-99.99999999999997
64800,-99.99999999999997
68400,-100.0
72000,-50.014436183910775
75600,-0.028872367821533573
