time,vpos
57600,-77.36466046740274
61200,-77.37279456122512
64800,-77.4493035876642
68400,-77.48154194577714
72000,-83.46460779213115
75600,-43.91664067563186
79200,1.6505288617251639
