time,vpos
61200,-46.22153882435352
64800,-46.36802107492463
68400,-46.60830085445747
72000,-46.787402014421154
75600,-36.958235570175404
79200,-14.908788400062386
82800,-2.7738113051970625
