time,vpos
64800,-54.32236765026241
68400,-54.53063174261845
72000,-54.886523852903935
75600,-55.16624750503153
79200,-31.021741627632004
82800,-4.4255821287842885
86400,-2.1060241415342733
