time,vpos
68400,-49.77798694379836
72000,-45.53596725565265
75600,-29.593286617727482
79200,-54.68164377885074
82800,-47.31630709992463
86400,-0.12793717054181264
90000,2.906077969012175
