time,vpos
7200,66.56901378717922
10800,30.339956041256244
14400,46.71135590866024
18000,52.23119240702177
21600,11.38289519375993
25200,58.763498861652685
28800,99.91177862784187
