time,vpos
72000,-36.394628984864106
75600,-36.36586770854466
79200,-36.32332884250026
82800,-36.35303593785532
86400,-22.290150820830522
90000,-3.125978114438292
93600,1.931824789849134
