time,vpos
75600,-73.51380522722658
79200,-36.15731927195775
82800,-11.806218179146539
86400,-16.51971504960646
90000,-3.8143027323861913
93600,35.77948725614717
97200,70.95975291945794
