time,vpos
79200,-20.394345659135023
82800,-12.695319023033868
86400,-1.1598626582737197
90000,1.4840200527651233
93600,6.470499935990793
97200,1.5640153298683568
100800,-9.5214961770999
