time,vpos
82800,17.975630634843153
86400,18.021679196350966
90000,18.120865516830282
93600,18.203585913507645
97200,8.600960712457011
100800,-2.302548926210135
104400,-3.573850726120794
