time,vpos
86400,10.419276013805598
90000,8.049951236934467
93600,3.1450014445766747
97200,24.295812463153613
100800,26.05971516298327
104400,0.653975607325029
108000,-2.8292306140992722
