time,vpos
90000,13.339078755672231
93600,9.671103797864422
97200,2.4179351332778336
100800,6.833572358802262
104400,4.575369045290822
108000,-2.1435393808982743
111600,1.3965864387272762
