time,vpos
93600,85.52056501340812
97200,85.23688790098576
100800,85.97093274324756
104400,87.14019719789773
108000,87.67679544629861
111600,79.72507928116781
115200,71.38830736760214
