time,vpos
97200,95.12295982265452
100800,85.11866729975345
104400,75.00343278018532
108000,73.98717139627206
111600,86.54092521442334
115200,50.02188804115456
118800,0.043777662488346546
