time,vpos
100800,-29.464445720902262
104400,-29.71226117695538
108000,-29.96829956545647
111600,4.347245723583751
115200,-30.664493027313146
118800,-99.99999999982363
122400,-99.99999999994903
