time,vpos
104400,10.867513585962529
108000,11.786553148483508
111600,11.742171418637446
115200,-44.6106249368648
118800,-100.0
122400,-100.0
126000,-100.0
