time,vpos
10800,30.195362676394083
14400,12.361661958166309
18000,42.058736271499164
21600,91.74497330313498
25200,51.991463231769394
28800,15.60142217654258
32400,21.12035319275654
