time,vpos
108000,6.777753175475349
111600,6.3190499811002105
115200,-47.06982660663665
118800,-99.99999999999916
122400,-99.99999999999972
126000,-99.99999999999665
129600,-99.99999999999383
