time,vpos
111600,99.99999999995009
115200,10.164125784380417
118800,-43.55170204946552
122400,-13.701586937344487
126000,-14.274391596766833
129600,-4.888283575464487
133200,-1.1993021643424937
