time,vpos
115200,-100.0
118800,-99.99999999946519
122400,-99.99999999904688
126000,-99.99999999958169
129600,-99.99999999999748
133200,-99.99999999999748
136800,-100.0
