time,vpos
118800,-99.9999999999915
122400,-99.99999999999199
126000,-99.99999999999588
129600,-99.99999999999855
133200,-96.62999513992649
136800,-78.1014700981316
140400,-62.94294991640802
