time,vpos
122400,-99.99999999999991
126000,-99.99999999999898
129600,-99.99999999999898
133200,-96.42221044696227
136800,-76.5492710548979
140400,-44.984855691364444
144000,-29.7155901668577
