time,vpos
126000,-99.99999999998117
129600,-99.9999999999871
133200,-96.41040708721522
136800,-76.44352364870473
140400,-43.813084822102375
144000,-13.780133952751635
147600,-0.00033138427056793443
