time,vpos
129600,-99.99999999980135
133200,-99.99999999945943
136800,-79.84210312130622
140400,-43.345663797577814
144000,-19.823244390128238
147600,-5.508754818541566
151200,1.6218577915126364
