time,vpos
133200,-94.95735424831257
136800,-95.23938272447651
140400,-61.10394602584223
144000,-26.773144799204584
147600,-13.199785965840396
151200,0.42282602688836474
154800,0.38541523809234
