time,vpos
136800,-99.85585273328871
140400,-99.92792636664436
144000,-100.0
147600,-100.0
151200,-99.7889442733318
154800,-49.83096063979865
158400,-0.08403273293370862
