time,vpos
140400,-66.73815594410082
144000,-67.20071332802408
147600,-43.25727903423909
151200,-20.362485643590976
154800,-8.040294039105866
158400,3.868972448310516
162000,1.9448490441816388
