time,vpos
14400,10.384987472346076
18000,46.35524573644576
21600,88.61663344251984
25200,47.422003502016004
28800,2.3450898602451313
32400,7.667496811082408
36000,10.58105802121233
