time,vpos
144000,-79.12584051820436
147600,-79.40518211000649
151200,-79.91953948824595
154800,-80.37514191433684
158400,-80.83995906982237
162000,-43.427130903756705
165600,-5.770072221859056
