time,vpos
147600,-79.86239199367668
151200,-80.21592139325726
154800,-80.86764152649664
158400,-81.40725909082092
162000,-82.2943940929087
165600,-51.279069759640436
169200,-19.61803725494987
