time,vpos
151200,2.7400981163905156
154800,1.5208554654896593
158400,0.08685708364775874
162000,0.08177684172159153
165600,-0.6196504023713338
169200,-0.25610190175250536
172800,1.0185493319741257
