time,vpos
154800,-99.99999999999784
158400,-99.99999999999723
162000,-99.9999999801649
165600,-99.99999998016659
169200,-45.70234567448207
172800,30.017319483495186
176400,51.4393303159545
