time,vpos
158400,-100.0
162000,-53.8363074720406
165600,-12.29551844789291
169200,-17.727583394305775
172800,-18.44711547488183
176400,-12.112547742267287
180000,-5.867609371677837
