time,vpos
162000,-79.89410797323173
165600,-80.05731747320944
169200,-80.46971349664616
172800,-80.94853513331975
176400,-44.89462482446049
180000,-4.6049297948419055
183600,-0.5987801872971544
