time,vpos
165600,-45.99116318896557
169200,-32.580426707945456
172800,-17.823867165938573
176400,-21.292128293966684
180000,-14.283025231764675
183600,-2.7769774616380825
187200,-3.0941169427283683
