time,vpos
169200,-98.67009239151234
172800,-61.02231330928611
176400,-41.050381234921254
180000,-39.75142768400248
183600,-9.288743030500541
187200,-0.32328189724754963
190800,-2.845704858716368
