time,vpos
172800,-28.24225494571182
176400,-25.328111684317168
180000,-12.10747249561016
183600,-3.9916849200901314
187200,-3.0476582835371437
190800,0.9740932544218851
194400,1.8611098040356
