time,vpos
176400,-70.83339030375802
180000,-33.29962416915109
183600,51.32093585355912
187200,0.19912232294567733
190800,-55.48183079968627
194400,12.3541284526778
198000,37.66243340895711
