time,vpos
18000,-26.704728639275853
21600,36.6476356748318
25200,99.99999994577114
28800,27.107967370445675
32400,-18.4011113550245
36000,3.3282487165252657
39600,-2.3253450186119293
