time,vpos
180000,99.99999998123916
183600,99.99999999061849
187200,99.99999999908242
190800,99.99999999802615
194400,99.99999999894112
198000,99.99999999999693
201600,99.99999999999694
