time,vpos
183600,99.9999999996456
187200,99.99999999982279
190800,99.99999999985334
194400,99.99999999985334
198000,100.0
201600,50.00253162183873
205200,0.00506324367746499
