time,vpos
187200,99.99999999999982
190800,99.99999999985366
194400,99.99999999980152
198000,99.99999999994778
201600,51.13695030538802
205200,-0.3521243044845707
208800,-2.9781492197451853
