time,vpos
190800,99.99999999988272
194400,99.99999999994114
198000,99.99999999999977
201600,75.46703844593044
205200,22.827566251885106
208800,-2.6162679563999287
212400,0.04640847529081987
