time,vpos
194400,99.99999999985751
198000,99.99999999992559
201600,50.001277423894585
205200,0.001496407092351652
208800,-0.016316674180462898
212400,0.01172661899849852
216000,0.05652455274714295
