time,vpos
198000,99.99999999973187
201600,52.373549145307585
205200,12.088985018270252
208800,12.332903922735735
212400,3.637487406424072
216000,1.5020424046301104
219600,0.9640460962263577
