time,vpos
201600,34.85777517521604
205200,22.185434766889216
208800,-2.7065043727869518
212400,-57.463051552068144
216000,-99.99999999999982
219600,-80.1694218063655
223200,-60.33884361273139
