time,vpos
205200,-100.0
208800,-99.03717764124724
212400,-99.03717762170234
216000,-99.18947826605257
219600,-89.65310861899485
223200,-69.54732246036359
226800,-58.16738425393244
