time,vpos
208800,-100.0
212400,-100.0
216000,-100.0
219600,-93.81390298857171
223200,-76.66813403762733
226800,-58.32298618595282
230400,-50.93751027379441
