time,vpos
212400,-99.99999999999973
216000,-99.99999999999874
219600,-94.53043536740175
223200,-78.5667133052032
226800,-59.54079779820505
230400,7.637777644630312
234000,66.28459501007008
