time,vpos
21600,99.99999989021047
25200,99.99999994510524
28800,50.972903420116175
32400,1.9419836931488041
36000,1.6301022568772596
39600,0.4698432775558135
43200,-0.3823574125776386
