time,vpos
216000,-99.99999999996437
219600,-99.9999999999822
223200,-86.35446938169204
226800,-62.30390935051413
230400,-25.906783404206923
234000,-0.14746206499952755
237600,-0.3802372592293698
