time,vpos
219600,-99.99999999921913
223200,-99.99999999960956
226800,-76.83543906507008
230400,-21.828146518136666
234000,10.036692578100514
237600,4.151642848271347
241200,-1.7555143657915113
