time,vpos
223200,-100.0
226800,-99.99999999998614
230400,-62.62193430935225
234000,-25.33942722479081
237600,-12.813900494401711
241200,-0.19609496007321456
244800,-0.19937476219243122
