time,vpos
226800,-99.99999999998596
230400,-49.620953399052375
234000,0.3842457648625136
237600,0.9755231217974522
241200,1.642082080602527
244800,1.255363018317306
248400,1.1672097911806492
