time,vpos
230400,-99.96577433973405
234000,-99.98288716986703
237600,-99.99895419745293
241200,-48.787488064772525
244800,2.4309785447379553
248400,-1.4691070819346448
252000,-5.3772389879844
