time,vpos
234000,-64.95141541680553
237600,-65.23871943432393
241200,-65.24742800205796
244800,-66.4482900902482
248400,-33.55813501171352
252000,-1.867729785153338
255600,-4.546937175102432
