time,vpos
237600,-41.68566888027394
241200,-39.630064656189376
244800,-40.11280061823689
248400,-35.74609523347995
252000,-29.835098409884598
255600,-15.410239830465834
259200,0.008667496246599939
