time,vpos
241200,5.459129846387956
244800,-8.570655052200888
248400,-19.093962413346922
252000,-3.9328236314013107
255600,2.056735436966259
259200,-3.608366739168975
