time,vpos
25200,99.99999999999986
28800,68.29155590377538
32400,15.949037295406349
36000,-8.128750726567471
39600,-7.060876294142771
43200,0.26900330717901394
46800,3.0872949662468456
