time,vpos
28800,40.56502865351471
32400,19.139340186747752
36000,-1.9331647778133323
39600,-1.399260183650808
43200,-23.684254768054757
46800,-24.073422814230312
50400,-1.99687518404527
