time,vpos
32400,-27.575717789542757
36000,-26.249212405180742
39600,-12.635979283778973
43200,-1.416261962261578
46800,-2.362253661267169
50400,-0.3142353688645894
54000,1.6127642070212196
