time,vpos
90000,-1.0640752654220145
93600,-0.8787574221409065
97200,-0.5115686534663834
100800,0.3811954547063192
104400,6.711443643259604
108000,21.26085718085942
111600,35.52377456635444
115200,5.9277719430618685
118800,-28.63912751008718
122400,-31.254020063093712
126000,-34.23087463991295
