time,vpos
100800,2.4761292896512117
104400,8.04721884663238
108000,22.52359005843731
111600,36.744443895869914
115200,-0.38169934691387464
118800,-42.43132784958926
122400,-45.00795570677107
126000,-49.67272895117995
129600,-53.48232708413383
133200,-50.95751955867745
136800,-46.319172364776996
