time,vpos
104400,14.747177033086418
108000,23.658974942975664
111600,37.830502723342306
115200,0.11378252483549012
118800,-42.408958768766006
122400,-44.949354271465495
126000,-49.65849608730018
129600,-53.52130036691909
133200,-50.994119736784086
136800,-35.511312155729804
140400,-24.70345194667697
