time,vpos
122400,-99.99999999998867
126000,-99.99999999999424
129600,-84.46614452550173
133200,-58.26732849251955
136800,-36.76710814924422
140400,-16.407830268558516
144000,-7.168006568917246
147600,-8.09885170328806
151200,-9.290952809954051
154800,-10.004603153872422
158400,-10.172803129242437
