time,vpos
194400,-20.245368178161858
198000,-9.508202168757764
201600,-49.12007678781722
205200,-97.98796002816394
208800,-97.07103836489627
212400,-97.39603812533248
216000,-80.53798969164289
219600,-55.22553358222545
223200,-37.340336678705114
226800,-20.11983798511716
230400,-12.090892554908748
