time,vpos
198000,28.35152012682493
201600,-35.53247589775762
205200,-97.94230026590685
208800,-97.06197424686232
212400,-97.44169752907806
216000,-80.57337619813218
219600,-55.225533582225
223200,-37.340336678710564
226800,-20.119837985122402
230400,-8.94252869084562
234000,-5.794164826776946
