time,vpos
201600,-72.0021818702988
205200,-70.55132500429335
208800,-69.6467297229972
212400,-69.93564431990632
216000,-66.79873727723238
219600,-55.22553358222662
223200,-37.34033667870709
226800,-20.119837985116583
230400,-8.947821337010412
234000,-6.854130624296073
237600,-7.903511129484942
