time,vpos
0,26.162201155188164
3600,26.26790418740371
7200,26.47116396529784
10800,26.66563813320577
14400,26.848234674335686
18000,27.06824603098399
21600,27.454572886427407
25200,27.950152374994598
28800,28.19373724586609
