time,vpos
3600,26.355904048197722
7200,26.45179373666824
10800,26.632760389882836
14400,26.808865909516644
18000,27.06520296421121
21600,27.499231019376293
25200,27.992633444256516
28800,14.099005338675846
32400,-0.019305636424797337
