time,vpos
36000,0.1358818475836992
39600,0.13235048717342127
43200,0.13304934731429074
46800,0.13844662166571173
50400,0.11808819958290563
54000,0.06294064215133742
57600,0.017532745435455164
61200,0.021340027020417346
64800,0.036933123772773226
