time,vpos
39600,0.09681501456996118
43200,0.0983374130473589
46800,0.09958893871187731
50400,0.08735894193429515
54000,0.07686852058802766
57600,0.01243217120948502
61200,0.0045270673565331095
64800,0.032275335531588796
68400,0.002023655562618382
