time,vpos
46800,0.026229600842322665
50400,0.013933260265119908
54000,-0.007543506750811806
57600,-0.0026226742947558414
61200,0.0008522974622998549
64800,0.005338075947720281
68400,0.018731376291673422
72000,0.019303202207175792
75600,0.021593793401874672
