time,vpos
57600,-0.0007209938240959946
61200,0.0009818770340605197
64800,0.000608297013503359
68400,0.004098048999671102
72000,0.004783280055970834
75600,-0.0006257192462945961
79200,-0.004683834679618146
82800,-0.00783563251467615
86400,-0.007457342410094345
