time,vpos
7200,26.50762658839554
10800,26.638662495211175
14400,26.813711947191944
18000,27.0039457371332
21600,27.462619463394823
25200,28.04583811731107
28800,14.432665221121752
32400,-0.059967216353344704
36000,-0.6686615852083674
