time,vpos
75600,-0.21041124225486996
79200,-0.13175927963102407
82800,-0.04137191535958418
86400,0.01060456880407371
90000,0.0055015905386199306
93600,-0.046242522778690176
97200,-0.06912688615924197
100800,-0.07102023326911355
104400,-0.056429269534225814
