time,vpos
79200,-0.162382750482024
82800,-0.08900410062462762
86400,-0.005802294547881005
90000,0.006637993366345866
93600,-0.007656974400114866
97200,-0.024182763706323458
100800,-0.01731515975803512
104400,-0.001835399474354639
108000,0.007163067016166297
