time,vpos
82800,0.07608500247858778
86400,0.060011429846108126
90000,0.10950057006412746
93600,0.08066980954560149
97200,-0.06326506508022575
100800,-0.05403205674488051
104400,0.34460902511296876
108000,0.5970945992274275
111600,0.5097135010761844
