time,vpos
90000,21.954870621527583
93600,22.01976479320193
97200,22.150869890671984
100800,22.28967457501274
104400,22.43367767519636
108000,22.59575904679572
111600,22.877349811171584
115200,11.530551794542955
118800,-0.007164956500740638
