time,vpos
93600,22.08386676416343
97200,22.151403410849664
100800,22.290927622275188
104400,22.43304079511386
108000,22.595564308671747
111600,22.875196288323902
115200,-38.46878481874122
118800,-99.99999999999848
122400,-99.99999999999696
