time,vpos
97200,14.587533612828011
100800,14.634675987645373
104400,14.728041519015179
108000,14.83481511666685
111600,15.019463432440489
115200,-42.42821934644254
118800,-99.99999999999916
122400,-99.99999999999866
126000,-99.999999999999
