time,vpos
100800,10.264949689623206
104400,10.296382125693796
108000,10.371019504970006
111600,10.500924980631403
115200,-44.70618724345123
118800,-99.99999999998983
122400,-99.99999999999484
126000,-99.99999999999956
129600,-99.99999999999946
