time,vpos
104400,7.793036170908804
108000,7.8234861406804415
111600,7.920412936454348
115200,-46.00655511877124
118800,-99.9999999999937
122400,-99.99999999999415
126000,-99.99999999994817
129600,-99.99999999994775
133200,-99.99999999999912
