time,vpos
10800,26.70231823168077
14400,26.790184574836857
18000,27.06173405420551
21600,27.534111669550075
25200,28.022422281339132
28800,14.200821006641318
32400,0.17269808414438034
36000,0.05307751156858378
39600,-0.059637545865146135
