time,vpos
108000,6.45930225938479
111600,6.511996992176683
115200,-46.71765413750567
118800,-99.99999999997702
122400,-99.99999999997969
126000,-99.99999999994276
129600,-99.99999999994964
133200,-97.31158371005819
136800,-94.62316742011733
