time,vpos
115200,-99.99999999999909
118800,-99.99999999999221
122400,-99.99999999999267
126000,-99.99999999999795
129600,-99.99999999997885
133200,-96.74826124221208
136800,-79.76659210731702
140400,-53.475372634597726
144000,-40.914083539023764
