time,vpos
122400,-100.0
126000,-100.0
129600,-100.0
133200,-96.78841798373244
136800,-79.76537817925578
140400,-50.35826990596537
144000,-17.381275729860302
147600,5.2789793439585795e-05
151200,3.761842340258843e-05
