time,vpos
126000,-99.99999999999956
129600,-99.99999999999967
133200,-96.78947083535594
136800,-79.76739299206928
140400,-50.25845813185842
144000,-17.2812522807414
147600,0.00028097116857963856
151200,-0.0011204534406803906
154800,-0.004235460410957941
