time,vpos
129600,-99.9999999999819
133200,-99.99999999997387
136800,-82.84109675808378
140400,-49.942713356855165
144000,-17.028750713028142
147600,0.1463050784154064
151200,0.037546509100602046
154800,-0.058851442050482414
158400,-0.04591751692366896
