time,vpos
136800,-99.99999999999977
140400,-99.99999999999983
144000,-49.98827139702041
147600,0.011072279275524082
151200,-0.007219229508002225
154800,-0.017481621988175787
158400,-0.02323954233627376
162000,-0.06374741934289092
165600,-0.10285318638157832
