time,vpos
140400,-32.79757774980629
144000,-16.311839080653556
147600,0.1337191031943684
151200,0.08654613988307334
154800,-0.010906706988687337
158400,-0.025880625956680024
162000,0.09177729239367761
165600,0.04498191312037667
169200,-0.04398493460600821
