time,vpos
14400,26.893376238509013
18000,27.060326778396117
21600,27.59335461895185
25200,28.024852659216858
28800,14.137866595474074
32400,-0.001099840565911309
36000,0.019788796857388127
39600,0.05237815504029593
43200,-0.12248075690092558
