time,vpos
144000,-0.703276722648121
147600,-0.45803163824376025
151200,-0.2518660522897273
154800,-0.27685872178817017
158400,-0.2771878332720603
162000,-0.14593270571853362
165600,-0.01969248904073729
169200,-0.05577844640071829
172800,-0.07243355244919389
