time,vpos
147600,-0.06903748741026976
151200,-0.22903755559636713
154800,-0.25853605743416863
158400,-0.0956750248264193
162000,0.037210082209219945
165600,0.09252437346772961
169200,-0.05707361938213217
172800,-0.10526589059719876
176400,-0.049071518480079734
