time,vpos
154800,17.660123839501807
158400,2.3307286022458227
162000,-6.558240954640896
165600,0.002176367431360284
169200,0.08314046291985024
172800,0.05439740732836239
176400,-2.3670745466257563
180000,-2.410866574626101
183600,-0.022902158049313913
