time,vpos
158400,-0.06131863485991948
162000,0.014807473916158387
165600,-0.013942271660308047
169200,-0.0718133131631061
172800,-0.07149470586562928
176400,-0.050279149349504566
180000,-0.04588393029934838
183600,-0.049716798725261295
187200,0.00995687586706379
