time,vpos
162000,-0.005431342768790447
165600,-0.005552798443347345
169200,0.0015471769978664684
172800,0.003041905365762648
176400,0.021914552570033885
180000,0.038095472621830544
183600,0.01704231968927828
187200,-0.03836681200362432
190800,-0.08114122066432379
