time,vpos
165600,0.029501257364743346
169200,-0.05143146988168207
172800,-0.0015258986211287855
176400,0.02382887534846824
180000,0.004230161130433507
183600,0.022209508583506225
187200,-0.01622295342607251
190800,-0.36697773199762956
194400,-0.7472055114258821
