time,vpos
169200,-99.97791259940703
172800,-50.04425387036011
176400,1.669805879580963
180000,3.5568497906781573
183600,2.048976105439294
187200,0.31827520660186
190800,0.09001240783499691
194400,-0.7720473190416483
198000,-1.522028570546945
