time,vpos
172800,16.779686290337636
176400,16.88155331882941
180000,16.966383545691023
183600,16.964707072204586
187200,17.031796803488938
190800,17.155834026247064
194400,17.314483125509085
198000,17.47774945266957
201600,17.554674500185538
