time,vpos
176400,16.871822092478133
180000,16.9292308951602
183600,17.02137112374832
187200,17.116418265518977
190800,17.217447836127818
194400,17.305937160957143
198000,17.4156274245393
201600,9.452467366373082
205200,1.4273925147097912
