time,vpos
18000,27.239553865209214
21600,27.532168544264596
25200,28.01800785407764
28800,14.188773441991792
32400,0.20275140671137995
36000,0.25040685071952906
39600,0.13111438280763893
43200,-0.0006047130936481865
46800,-0.001812904637995281
