time,vpos
180000,12.471160524940034
183600,12.5060009276655
187200,12.576748580913321
190800,12.649622977863373
194400,12.723465211719626
198000,12.80063490665167
201600,-43.57953524291318
205200,-99.99999999998232
208800,-99.99999999998313
