time,vpos
183600,2.463660654663781
187200,2.4708436875693014
190800,2.4850385997035596
194400,2.4985698031687757
198000,2.514094099283353
201600,-48.73845046441488
205200,-99.9999999999914
208800,-99.99999999998028
212400,-99.99999999996896
