time,vpos
21600,27.776315465062158
25200,28.017623009341776
28800,14.235112757409729
32400,0.19371696872046545
36000,0.054191604655629236
39600,-0.07343668345428737
43200,-0.06792903512395862
46800,-0.04404412515268315
50400,-0.031347780034423824
