time,vpos
219600,-100.0
223200,-100.0
226800,-77.95716780888323
230400,-27.95881173040906
234000,-0.002594268733205821
237600,0.0016229935762602764
241200,0.003839908013361172
244800,0.002591491079200045
248400,0.002649847698938672
