time,vpos
223200,-99.99999999997803
226800,-99.999999999989
230400,-50.041834915506556
234000,-0.08015651506883495
237600,-0.026698606142309077
241200,0.005683144199204463
244800,0.0017411785243880192
248400,0.0016787492511222337
252000,-0.012004556988025036
