time,vpos
226800,-99.9999999999997
230400,-50.018027512736715
234000,-0.03586605251790174
237600,-0.06586350938202906
241200,-0.05259418151049618
244800,-0.029672527454928647
248400,-0.045832680211086274
252000,0.024756616855895083
255600,0.09097196304310247
