time,vpos
230400,0.2980972458459843
234000,0.17491301939642526
237600,0.10779070930088185
241200,0.3572721510514425
244800,0.26616663197574725
248400,-0.015897394612230168
252000,0.022247929638936962
255600,0.04668330547457838
259200,0.03543437494331552
