time,vpos
234000,-0.15443679647622557
237600,-0.12157670929880894
241200,-0.062296071976118965
244800,-0.027631611299805424
248400,-0.015323641190111164
252000,-0.0028738386410901893
255600,0.023620070092453916
259200,0.04172823585563111
