time,vpos
25200,28.258930672878112
28800,14.360851381318163
32400,0.33538403397937133
36000,0.2479673136831994
39600,0.33101182447874977
43200,0.37657247589963455
46800,0.5405231888484647
50400,0.4091258200105778
54000,0.11626521433186465
