time,vpos
28800,0.0014122152644478782
32400,0.02332005888359571
36000,0.025818944061793952
39600,0.027300963735624573
43200,0.04819634011411454
46800,0.03959782521165816
50400,0.06422672858757976
54000,0.038384345791015524
57600,-0.020689853547636444
