time,vpos
32400,0.04610362117135996
36000,0.013942330099428961
39600,-0.05462151597829841
43200,-0.03346328830265773
46800,-0.03377194501721778
50400,-0.052650638190901
54000,0.011025823325660402
57600,-0.0075657527625429405
61200,-0.05084304414499379
