time,vpos
0,-8.153747353243969e-06
3600,8.347345745124296e-05
7200,0.00017510066225572988
