time,vpos
3600,-1.9841295675933927e-05
7200,-3.2229469926689256e-05
10800,-4.4617644177444585e-05
