time,vpos
36000,0.0018084203997911785
39600,0.0010293774553511228
43200,0.00025033451091106704
