time,vpos
39600,0.0021787104237232908
43200,0.001104665421671266
46800,3.062041961924091e-05
