time,vpos
43200,0.008441516337729589
46800,-0.0015835892593337702
50400,-0.01160869485639713
