time,vpos
46800,0.03405655688766258
50400,0.023219554381806742
54000,0.012382551875950911
