time,vpos
50400,0.004527492741367758
54000,0.0024747516999769023
57600,0.0004220106585860472
