time,vpos
54000,7.974466797575744e-05
57600,0.0003160289313944942
61200,0.0005523131948132309
