time,vpos
57600,0.006605044848190353
61200,-0.0004753189496249238
64800,-0.007555682747440201
