time,vpos
61200,0.00681709096450085
64800,0.0034830884128061144
68400,0.00014908586111137868
