time,vpos
64800,0.16654926076780704
68400,0.0953492528030437
72000,0.02414924483828036
