time,vpos
68400,0.06328013523747689
72000,0.02975418078805227
75600,-0.0037717736613723514
