time,vpos
7200,-0.013235267026803495
10800,-0.009279101102781774
14400,-0.0053229351787600545
