time,vpos
72000,0.0017396321806282251
75600,0.0017369366625982702
79200,0.001734241144568315
