time,vpos
75600,-0.0001744329547357393
79200,-2.3267120364109114e-05
82800,0.0001278987140075211
