time,vpos
79200,0.0060061769197541325
82800,0.004852932313042466
86400,0.0036996877063307995
