time,vpos
82800,0.08939608685022031
86400,-0.024929436563559764
90000,-0.13925495997733983
