time,vpos
86400,7.37972895216427e-05
90000,-6.063107259211937e-05
93600,-0.00019505943470588146
