time,vpos
90000,0.0007391116545819632
93600,0.0010500913857697735
97200,0.001361071116957584
