time,vpos
93600,0.17698621635176667
97200,0.2917291690211352
100800,0.4064721216905038
