time,vpos
97200,1.634062245840884e-05
100800,-6.047111318161162e-06
104400,-2.8434845094731166e-05
