time,vpos
100800,7.264461266873976e-05
104400,5.2489973505883726e-05
108000,3.2335334343027705e-05
