time,vpos
104400,0.4571727285504468
108000,0.2611729978300127
111600,0.06517326710957855
