time,vpos
10800,0.02411298530572384
14400,0.01203221567607769
18000,-4.855395356846168e-05
