time,vpos
108000,73.27484468922188
111600,73.88623973470472
115200,74.49763478018754
