time,vpos
111600,74.49765987956258
115200,37.24873167964919
118800,-0.00019652026420789446
