time,vpos
118800,-99.99999999997263
122400,-99.9999999999863
126000,-99.99999999999997
