time,vpos
122400,-99.99999999999999
126000,-99.9999999999762
129600,-99.99999999995242
