time,vpos
126000,-99.99999999999997
129600,-99.99999999999989
133200,-99.9999999999998
