time,vpos
129600,-99.99999999998815
133200,-99.99999999999407
136800,-100.0
