time,vpos
133200,-99.99999999941016
136800,-99.99999999965021
140400,-99.99999999989025
