time,vpos
140400,-100.0
144000,-99.99999999999997
147600,-99.99999999999997
