time,vpos
14400,0.011357268245432695
18000,0.011517368634356998
21600,0.011677469023281298
