time,vpos
144000,-3.061602997967417e-05
147600,-3.402702317096605e-05
151200,-3.7438016362257926e-05
