time,vpos
147600,-0.2292259048457963
151200,-0.116675349540209
154800,-0.004124794234621711
