time,vpos
151200,7.303738166965035e-05
154800,7.994790063795279e-06
158400,-5.70478015420598e-05
