time,vpos
154800,9.146983782118214e-05
158400,-8.236334636437067e-07
162000,-9.311710474846957e-05
