time,vpos
158400,0.1615856281250262
162000,0.05604396113182198
165600,-0.04949770586138223
