time,vpos
162000,-9.215987434560411e-05
165600,-8.827156374548276e-05
169200,-8.43832531453614e-05
