time,vpos
165600,3.235388140688561e-05
169200,1.750404495387531e-05
172800,2.6542085008650077e-06
