time,vpos
169200,0.03357122759062426
172800,0.013668777656057536
176400,-0.0062336722785091905
