time,vpos
172800,0.07171424163208957
176400,-0.01720779798984203
180000,-0.10612983761177364
