time,vpos
176400,0.08381520473535618
180000,0.04182498870399645
183600,-0.00016522732736327567
