time,vpos
18000,-0.06525405819165203
21600,-0.045410151456745075
25200,-0.02556624472183812
