time,vpos
180000,6.232115457331103e-05
183600,-1.563615534847981e-05
187200,-9.359346527027066e-05
