time,vpos
183600,0.0027897089945642492
187200,0.0013886093407927806
190800,-1.2490312978688287e-05
