time,vpos
187200,0.0014982952208126925
190800,0.005878219500575981
194400,0.01025814378033927
