time,vpos
190800,0.051973178159856324
194400,-0.03561656159520993
198000,-0.12320630135027619
