time,vpos
194400,0.026706829315404496
198000,0.012427395060075569
201600,-0.0018520391952533567
