time,vpos
198000,4.237910110062034e-05
201600,5.5660483030869716e-05
205200,6.894186496111908e-05
