time,vpos
201600,-99.99999999997286
205200,-99.9999999999853
208800,-99.99999999999774
