time,vpos
205200,-99.99999999999486
208800,-99.99999999999724
212400,-99.99999999999962
