time,vpos
208800,-99.99999999999078
212400,-99.99999999999405
216000,-99.99999999999731
