time,vpos
212400,-99.9999999999995
216000,-99.99999999999822
219600,-99.99999999999693
