time,vpos
21600,99.99999999999991
25200,99.9999999999999
28800,99.99999999999989
