time,vpos
226800,-99.9999999999855
230400,-49.99999643801949
234000,7.1239465428597945e-06
