time,vpos
230400,-72.87065845176497
234000,-73.10586489046227
237600,-73.34107132915958
