time,vpos
234000,-19.74540926346266
237600,-19.866600664745377
241200,-19.987792066028096
