time,vpos
237600,-0.06648530040519866
241200,-0.01106077097637704
244800,0.04436375845244458
