time,vpos
241200,0.0003688710515506642
244800,0.0008169562075133459
248400,0.0012650413634760277
