time,vpos
244800,-0.10495311207661523
248400,-0.054932438358495
252000,-0.00491176464037476
