time,vpos
248400,9.309849568113986e-06
252000,-1.508615077233601e-05
255600,-3.948215111278601e-05
