time,vpos
25200,99.99999999999186
28800,49.999967953663635
32400,-6.409266460106335e-05
