time,vpos
252000,0.04223954396519485
255600,0.020875237345439827
259200,-0.0004890692743151988
