time,vpos
255600,-0.018165828223299728
259200,-0.018165828223299728
