time,vpos
28800,1.705271001240824
32400,0.8287527831734068
36000,-0.04776543489401032
