time,vpos
32400,0.006225930742622551
36000,0.0036858791404788946
39600,0.001145827538335237
