time,vpos
0,0.02078663742485003
3600,-0.02995316298760308
7200,-0.0345252283629039
10800,0.01657326368281734
14400,0.021504020691386277
