time,vpos
3600,0.15541928828517493
7200,0.10756160010112008
10800,0.024173298435734666
14400,-0.018480373685064635
18000,-0.025603432324533375
