time,vpos
36000,0.014625628653610993
39600,0.020886375778890832
43200,-0.009299833575602774
46800,-0.1010140801777501
50400,-0.15628137030012398
