time,vpos
39600,-0.10164064573741464
43200,-0.14077473215954134
46800,-0.22305074266994177
50400,-0.25447420488898237
54000,-0.24275574301974925
