time,vpos
43200,4.939098710949816e-05
46800,0.00037238628314555534
50400,-0.0012322155402717057
54000,-0.0028924255028675745
57600,-0.002625038346010125
