time,vpos
46800,-0.06051600276556768
50400,-0.018643172674731937
54000,0.06760215185747072
57600,0.06310753266693747
61200,0.01424041903503731
