time,vpos
50400,0.04039728011760132
54000,0.08531672638250577
57600,0.10272129158510157
61200,0.09585009705765106
64800,0.11649378359250921
