time,vpos
54000,0.02935163637223029
57600,0.09004213646296252
61200,0.12498102360809613
64800,0.06601133997943295
68400,0.03279326929636842
