time,vpos
57600,0.04702430230341323
61200,0.04416708355611857
64800,0.0272031946252332
68400,0.0015545018575726516
72000,-0.009987520726497182
