time,vpos
61200,0.08706887593600068
64800,0.07863582226984547
68400,0.04046889560844727
72000,-0.0029255503824118442
75600,-0.016586123378027964
