time,vpos
64800,0.15398198957494308
68400,0.12791920992093223
72000,0.05378940280675601
75600,-0.010527536867517562
79200,-0.026777449081625757
