time,vpos
68400,0.007703576301240286
72000,0.02246290893225883
75600,0.017308812990477377
79200,-0.0096393279579916
82800,-0.016674040333660583
