time,vpos
7200,0.018862299887611317
10800,0.01304797571556899
14400,0.003777247728252355
18000,0.00030218995643112485
21600,0.00028353599988420117
