time,vpos
72000,0.009424574153350839
75600,0.02320086534057682
79200,0.01748405564157582
82800,-0.00886677692371113
86400,-0.0157245086027711
