time,vpos
75600,0.050952613327234775
79200,0.062256157710343624
82800,0.058154104821357896
86400,0.0282191092305863
90000,0.013689710911909275
