time,vpos
79200,0.197660145197439
82800,0.15054721322036602
86400,0.05111376101061809
90000,-0.016388179141816825
93600,-0.031569599061576775
