time,vpos
82800,0.014301497958501674
86400,0.024162627252748054
90000,0.01731000449074175
93600,-0.005404695939279518
97200,-0.011405644313048097
