time,vpos
86400,0.014093742470586385
90000,0.022862590659195502
93600,0.016309044686875992
97200,-0.005017124281628748
100800,-0.011020899089204858
