time,vpos
90000,0.1687539510724749
93600,0.12507246208137268
97200,0.03889607814940932
100800,-0.015112309057321166
104400,-0.026625801323190527
