time,vpos
93600,0.14566818256927586
97200,0.10852985481308222
100800,0.03439864410371592
104400,-0.012759582429546987
108000,-0.022924926009637234
