time,vpos
97200,0.0537706529573221
100800,0.045474975705647
104400,0.018996609508907913
108000,-0.006634072175595732
111600,-0.014082064915035396
