time,vpos
100800,35.49934070745488
104400,35.61444440292686
108000,35.870869239330695
111600,36.31224860078447
115200,36.612306821306404
