time,vpos
104400,35.66186106315774
108000,35.853023431718036
111600,36.34553532845041
115200,18.262214420427956
118800,-0.12245601576656562
