time,vpos
10800,-0.005452113098489836
14400,0.008554684813969187
18000,0.021420922215332344
21600,0.014795947324761083
25200,0.009311532945285687
