time,vpos
108000,34.60816017024321
111600,34.89463610305536
115200,-32.40944398206624
118800,-99.99999999999791
122400,-99.99999999999581
