time,vpos
111600,-0.37369352948739104
115200,-50.18684676474329
118800,-99.99999999999906
122400,-99.99999999999451
126000,-99.99999999999011
