time,vpos
115200,-99.99999999999328
118800,-99.99999999999221
122400,-99.99999999997316
126000,-99.99999999995812
129600,-99.99999999996106
