time,vpos
118800,-99.9999999999706
122400,-99.99999999997718
126000,-99.999999999955
129600,-99.99999999996311
133200,-100.0
