time,vpos
122400,-99.99999999997422
126000,-99.99999999998705
129600,-99.999999999998
133200,-97.51445741165048
136800,-95.02891482330482
