time,vpos
126000,-99.9999999999816
129600,-99.99999999998643
133200,-96.98251068643377
136800,-83.53620232654366
140400,-73.10738328021105
