time,vpos
129600,-99.99999999998978
133200,-99.99999999999037
136800,-83.94919404336459
140400,-56.16366032398346
144000,-44.4289325612287
