time,vpos
133200,-99.99999999999997
136800,-99.99999999999999
140400,-67.7433430548728
144000,-17.7433430415601
147600,2.6625385557920335e-08
