time,vpos
136800,-99.9999999999945
140400,-99.99999999999724
144000,-50.00000377371619
147600,-4.806532790369651e-06
151200,-2.065633202900582e-06
