time,vpos
140400,-45.54905874015473
144000,-22.86499987934065
147600,-0.07572599466207844
151200,0.10523406395874411
154800,0.18097909871506823
