time,vpos
14400,51.64031302455939
18000,51.98483982612352
21600,52.88539330193449
25200,53.832672302050376
28800,54.22392462791941
