time,vpos
144000,0.003520413567250399
147600,0.004414787354104763
151200,0.008935380439262404
154800,0.013021137180248516
158400,0.013480674622931349
