time,vpos
147600,-0.00445434839824576
151200,0.0016755405807803402
154800,0.007559732444459288
158400,0.013989521314879627
162000,0.020665007300647117
