time,vpos
151200,-0.005736999698711769
154800,-0.0010649589950421142
158400,0.003688664439968235
162000,0.008594250003989652
165600,0.013418252836670374
