time,vpos
154800,-0.004400444175201718
158400,-0.001020837337165634
162000,0.002474160861510406
165600,0.004357654000550042
169200,0.006125755778949721
