time,vpos
158400,-0.0004914664399591727
162000,0.0009996440960093435
165600,0.0008419934038020012
169200,-0.0006477038191857187
172800,-0.0004886398139975802
