time,vpos
162000,0.005286558238793912
165600,0.00342317545563354
169200,-0.0026504468696447
172800,-0.004745121076828716
176400,-0.0026295557418948637
