time,vpos
165600,0.011643469710619466
169200,0.0038956612961585473
172800,-0.005751431784479665
176400,-0.004338983403045529
180000,-0.0010272503554340992
