time,vpos
169200,0.019116020154247456
172800,0.005232463274355831
176400,-0.007132321969012317
180000,-0.004278202319211435
183600,-0.00294285430593403
