time,vpos
172800,0.02963269772382434
176400,0.009464342041835067
180000,-0.00601317794318712
183600,-0.004371680834223263
187200,-0.007421019422226491
