time,vpos
176400,0.04029047846377558
180000,0.015197374714276965
183600,-0.0033659058886407155
187200,-0.0036514160747789723
190800,-0.010466749407498158
