time,vpos
18000,52.164812098745784
21600,52.85173536741266
25200,53.91277995646442
28800,27.07213811714318
32400,-0.1426250425629432
