time,vpos
180000,0.032687358644854954
183600,0.01413579724428276
187200,0.002765322918858639
190800,0.0025248540831231646
194400,-0.004896701827760384
