time,vpos
183600,0.023636890294532337
187200,0.012774223133685932
190800,0.007426306801029659
194400,0.003396544045821976
198000,-0.006147969537575841
