time,vpos
187200,0.05670391298808232
190800,0.034299006014791404
194400,-0.060128703676743875
198000,-0.035008440434193544
201600,0.06213462552660115
