time,vpos
190800,0.06809468680518925
194400,0.03349050544810706
198000,-0.009171210653288395
201600,-0.09477485660347058
205200,-0.1723209678093395
