time,vpos
194400,-33.02748753786336
198000,-33.13167526881673
201600,-66.61793149987733
205200,-99.99999999999002
208800,-99.99999999999547
