time,vpos
198000,-90.36947877144861
201600,-95.18473938571405
205200,-99.99999999998974
208800,-99.99999999999866
212400,-99.99999999999734
