time,vpos
201600,-99.9999999999992
205200,-99.99999999999365
208800,-99.99999999999287
212400,-99.9999999999903
216000,-99.99999999998292
