time,vpos
205200,-99.99999999998926
208800,-99.99999999998514
212400,-99.99999999999002
216000,-99.99999999999841
219600,-99.99999999999777
