time,vpos
208800,-99.99999999999987
212400,-99.99999999999991
216000,-99.99999999999996
219600,-97.86019446763517
223200,-95.72038893527038
