time,vpos
212400,-99.9999999999901
216000,-99.99999999999503
219600,-97.02215779422252
223200,-90.09626442897869
226800,-86.14821326951228
