time,vpos
21600,53.53123415495816
25200,53.91272851527764
28800,27.149898482153706
32400,-0.000743851392134582
36000,-0.007061791494574615
