time,vpos
216000,-99.99999999997503
219600,-99.99999999998752
223200,-90.79376051271363
226800,-77.02500215630192
230400,-72.46248328717661
