time,vpos
219600,-99.99999999999947
223200,-99.99999999999973
226800,-82.40889601984053
230400,-32.408719641145254
234000,0.0003527573905526106
