time,vpos
223200,-99.99999999999999
226800,-99.99999999999956
230400,-50.00038278799476
234000,-0.0001325322224474667
237600,0.000500511545477554
