time,vpos
226800,-99.9999999999991
230400,-50.00001836613822
234000,-2.5123225221742386e-05
237600,4.5250089153749374e-05
241200,0.00010401435141564807
