time,vpos
230400,-29.3277610563116
234000,-29.471511322939925
237600,-14.787116403497677
241200,0.005756648428507124
244800,-0.0295154857158864
