time,vpos
234000,0.044033708478935854
237600,0.051115858186874266
241200,0.05944372452638721
244800,0.04321463584765434
248400,0.02573983053734694
