time,vpos
237600,0.05362830989473755
241200,0.059640647458298494
244800,0.07062714862276737
248400,0.05987814869288131
252000,0.04415498516208731
