time,vpos
241200,0.04114487960993577
244800,0.04730087264096557
248400,0.05785295244316849
252000,0.04867675487688764
255600,0.03510447053943367
