time,vpos
244800,0.02752285747061791
248400,0.03390909994953098
252000,0.04377938103485673
255600,0.03600027825477759
259200,0.024737136868285783
