time,vpos
248400,-0.0033534430454893946
252000,-0.00012687124788411316
255600,0.0017093129710629533
259200,0.00031892539240473833
