time,vpos
25200,54.294218911435976
28800,27.14564184752749
32400,-0.00522789017086188
36000,0.005539355357574638
39600,0.018599274675873672
