time,vpos
28800,0.05917043844778959
32400,0.07443973606089177
36000,0.1092337062642328
39600,0.10669384194922511
43200,0.08462930504397857
