time,vpos
32400,-0.15619123199405335
36000,-0.0841968708110171
39600,0.040699351300353875
43200,0.08441443082595196
46800,0.07522764942321533
