time,vpos
0,-2.7354888793243552
3600,-1.3794606657554318
7200,-0.023432452186508343
