time,vpos
3600,-1.3794609696855915
7200,-6.076452150944228
10800,-10.773443332202865
