time,vpos
36000,0.17876456013940642
39600,0.7965907482777739
43200,1.4144169364161412
