time,vpos
39600,-8.06060673138389e-05
43200,2.6786220127279195e-05
46800,0.0001341785075683973
