time,vpos
43200,0.5770981017776948
46800,0.25428613837839403
50400,-0.0685258250209067
