time,vpos
46800,6.645675068967314
50400,3.322826079714811
54000,-2.29095376939746e-05
