time,vpos
50400,3.631483580210911
54000,1.815315159660548
57600,-0.0008532608898154451
