time,vpos
54000,-0.00012077062509115166
57600,0.0002265410492466183
61200,0.0005738527235843883
