time,vpos
57600,0.007532526890765673
61200,-0.07356722074565386
64800,-0.15466696838207342
