time,vpos
61200,-0.2544156473559137
64800,-0.5895371959385396
68400,-0.9246587445211655
