time,vpos
64800,0.0596205904367341
68400,-0.05258058599495777
72000,-0.16478176242664963
