time,vpos
68400,0.017183570837744563
72000,0.014654348021432447
75600,0.012125125205120333
