time,vpos
7200,-15.964537608127106
10800,-7.98234697156168
14400,-0.00015633499625493873
