time,vpos
72000,-2.3549825186895363e-06
75600,3.737391109655408e-05
79200,7.71028047117977e-05
