time,vpos
75600,-0.42921794569456967
79200,-0.20887602053896404
82800,0.011465904616641567
