time,vpos
79200,-32.85369870868215
82800,-19.296931199873594
86400,-5.7401636910650335
