time,vpos
82800,14.166833716642113
86400,4.48571614727211
90000,-5.195401422097891
