time,vpos
86400,-19.15514910864372
90000,-9.707574142088419
93600,-0.2599991755331193
