time,vpos
90000,-28.20372843418691
93600,-14.597751478768709
97200,-0.9917745233505104
