time,vpos
93600,-0.2551062526760302
97200,0.22291428408344366
100800,0.7009348208429176
