time,vpos
97200,0.07644623468547453
100800,-0.0691579728171447
104400,-0.2147621803197639
