time,vpos
100800,-76.93921670936462
104400,-42.55653783812846
108000,-8.173858966892295
