time,vpos
104400,-8.53104548171145
108000,-1.3656439532968694
111600,5.799757575117712
