time,vpos
10800,-9.214288426352695
14400,-3.8437454341422685
18000,1.526797558068159
