time,vpos
108000,99.99996745254636
111600,99.99997539262546
115200,99.99998333270456
