time,vpos
111600,99.9999977089207
115200,38.74306868865271
118800,-22.51386033161527
