time,vpos
115200,-99.58760107417932
118800,-43.05276283873349
122400,13.482075396712338
