time,vpos
118800,-99.99999999999993
122400,-99.9999999998798
126000,-99.99999999975967
