time,vpos
122400,-99.99999999999272
126000,-99.99999999999633
129600,-99.99999999999996
