time,vpos
126000,-99.99999999998519
129600,-99.9999999999926
133200,-100.0
