time,vpos
129600,-99.9999999999992
133200,-99.9999999999996
136800,-100.0
