time,vpos
133200,-100.0
136800,-99.99999999997574
140400,-99.99999999995148
