time,vpos
136800,-98.95945826797484
140400,-99.26412004642924
144000,-99.56878182488363
