time,vpos
140400,-1.8763476176034244
144000,-0.9338869732463759
147600,0.008573671110672573
