time,vpos
14400,-20.566371069648564
18000,-10.28250641328836
21600,0.0013582430718455882
