time,vpos
144000,0.08294966238754253
147600,-0.07518674127662749
151200,-0.2333231449407975
