time,vpos
147600,-4.779801251559951
151200,-2.3899947106157793
154800,-0.00018816967160739773
