time,vpos
151200,-55.666075341729716
154800,-27.82354460703596
158400,0.018986127657789988
