time,vpos
154800,-0.03172401245823543
158400,-0.04503370479577344
162000,-0.05834339713331146
