time,vpos
158400,-4.905115666945057e-05
162000,0.6138045707261849
165600,1.227658192609039
