time,vpos
162000,0.006285020848646457
165600,0.0262530947100168
169200,0.046221168571387146
