time,vpos
165600,-0.058335150522002985
169200,0.060172787968984426
172800,0.17868072645997182
