time,vpos
169200,0.09436916054481653
172800,0.09795953210306821
176400,0.10154990366131988
