time,vpos
172800,-49.88525642402374
176400,-24.927410122215512
180000,0.03043617959271154
