time,vpos
176400,-0.17410880122357436
180000,-10.789024649148702
183600,-21.40394049707383
