time,vpos
18000,-36.57398926517492
21600,-18.300596686592677
25200,-0.027204108010431327
