time,vpos
180000,-4.675327477760663
183600,-14.762714998287043
187200,-24.850102518813426
