time,vpos
183600,-99.9996366575991
187200,-49.99981416676744
190800,8.324064214043314e-06
