time,vpos
187200,4.475595527476298
190800,-0.1495490038350776
194400,-4.7746935351464534
