time,vpos
190800,-0.012485770703745734
194400,0.005609888775179527
198000,0.02370554825410479
