time,vpos
194400,96.10582564259683
198000,96.46970583821735
201600,96.83358603383788
