time,vpos
198000,96.83350491393035
201600,48.40683180111982
205200,-0.01984131169071519
