time,vpos
201600,-99.99999999998728
205200,-99.99999999998944
208800,-99.9999999999916
