time,vpos
205200,-100.0
208800,-99.99999999989828
212400,-99.99999999979657
