time,vpos
208800,-99.99999999999989
212400,-50.002850141764156
216000,-0.005700283528412364
