time,vpos
212400,-100.0
216000,-50.01690060493637
219600,-0.0338012098727354
