time,vpos
216000,-99.99999999999827
219600,-99.99999999999874
223200,-99.99999999999922
