time,vpos
219600,-99.99999999999997
223200,-99.99999999998666
226800,-99.99999999997333
