time,vpos
226800,-99.99999999999876
230400,-49.999518150872305
234000,0.000963698254150913
