time,vpos
230400,-59.51234543483238
234000,-59.716113518674376
237600,-59.91988160251637
