time,vpos
234000,-12.98004855392922
237600,-13.177002712432289
241200,-13.373956870935361
