time,vpos
237600,-99.9999948455299
241200,-49.99995908617929
244800,7.667317132221708e-05
