time,vpos
241200,-0.9780281793791364
244800,-0.4890136990127407
248400,7.813536550410616e-07
