time,vpos
244800,-68.54249783864469
248400,-34.248587589232585
252000,0.04532266017952952
