time,vpos
248400,0.0004913184489925966
252000,-0.07479057396548301
255600,-0.1500724663799586
