time,vpos
25200,99.99999999977676
28800,54.26620307532056
32400,8.532406150864366
