time,vpos
252000,0.0076469412317435
255600,0.006215251908545837
259200,0.004783562585348176
