time,vpos
255600,-2.2299761248522753e-05
259200,-2.2299761248522753e-05
