time,vpos
28800,22.102083453935705
32400,8.731642790208372
36000,-4.638797873518962
