time,vpos
32400,-0.00499768033785548
36000,0.2457190755355523
39600,0.4964358314089601
