time,vpos
0,-50.11499719440101
3600,-35.53038925025855
7200,-14.653507408655095
10800,-5.004895999615096
14400,2.4288471006786865
18000,3.4647439949960743
21600,0.42323530059868625
