time,vpos
3600,-34.96468476376226
7200,-35.11313085070069
10800,-17.861127043610708
14400,-3.0471148550021017
18000,-5.850998459600768
21600,-7.538704569627713
25200,-9.008964780475797
