time,vpos
36000,7.56061279437971
39600,2.14875765626239
43200,-3.021124632802425
46800,-2.0764049029377167
50400,0.17356143479535105
54000,-1.0523302413969051
57600,-3.825441374510026
