time,vpos
39600,-6.313180008004003
43200,-2.9948561412168466
46800,-1.9898839002521276
50400,-4.6131473418337166
54000,-6.636950940279631
57600,-16.648200524176016
61200,-24.94555832538564
