time,vpos
43200,-4.726899107386858
46800,-1.7021103884679953
50400,-0.8502717039792305
54000,-4.646978812572835
57600,-33.44212545757922
61200,-53.80289151343089
64800,-46.99226799843968
