time,vpos
46800,-19.883183417211164
50400,-21.71161652186092
54000,-23.610082132866197
57600,-12.055628456569952
61200,2.391548173782819
64800,2.585021249319326
68400,-0.0441961228451746
