time,vpos
50400,-24.6551379911682
54000,-37.54396036007062
57600,-55.451208822540174
61200,-35.33906888050562
64800,-29.54317641995608
68400,-33.21587127249669
72000,-17.553892549985147
