time,vpos
54000,20.502876051161817
57600,-15.261370955765688
61200,-27.523495054758378
64800,-29.486851797715108
68400,-52.204372354011575
72000,-24.48979848325423
75600,0.4768162929080367
