time,vpos
57600,-97.84109273612646
61200,-98.91880586195863
64800,-54.89734533867715
68400,-16.684848639862466
72000,-6.013651827219157
75600,-0.625055054793413
79200,-12.79433204530995
