time,vpos
61200,-99.99980301175977
64800,-95.16072555607002
68400,-68.84660253682429
72000,-34.501697751385386
75600,-31.40597111610382
79200,-23.284290294168777
82800,-5.388476885632393
