time,vpos
64800,-99.99673213600092
68400,-63.375089622092396
72000,-13.120263080098567
75600,-5.799972516706281
79200,-8.052214777427407
82800,-3.8686703239725935
86400,-3.7457770744896632
