time,vpos
68400,-78.85729392193495
72000,-39.447662675645844
75600,-0.4617083014345577
79200,-5.164113085703292
82800,-7.865756392078527
86400,-2.8883360941025127
90000,0.5119995980578268
