time,vpos
7200,0.6341973420916194
10800,-49.60304591359507
14400,0.07218428754769413
18000,73.01193113140961
21600,66.21336779012691
25200,93.19071516962589
28800,99.99389927744005
