time,vpos
72000,-43.31456543214979
75600,-24.1802495091474
79200,-6.672554670948388
82800,-5.596443502032523
86400,-1.3990916296929365
90000,-0.16498409753874693
93600,-0.4254961840049047
