time,vpos
75600,-22.403620118260264
79200,-10.68043628977835
82800,-3.103350804672326
86400,-9.056877507270187
90000,-1.5018288305565328
93600,4.018875441140935
97200,0.1771026769027757
