time,vpos
79200,-9.383381999202305
82800,-6.246740362343913
86400,-5.604263101128407
90000,0.387308832236518
93600,8.150550844133551
97200,5.449369410201467
100800,3.4706822733801594
