time,vpos
82800,11.92006396853473
86400,6.638425789534728
90000,4.523785001411415
93600,18.851036147168344
97200,21.679096151945927
100800,14.742913767719063
104400,16.138925133594846
