time,vpos
86400,17.28565188460548
90000,14.61865945276175
93600,14.871674245284211
97200,20.595937327710566
100800,10.33318402589542
104400,2.2314341943870044
108000,7.196693522753907
