time,vpos
90000,-12.716702457625692
93600,-25.473348123988877
97200,30.884639947517584
100800,40.813930413180074
104400,-6.432164698651441
108000,52.753540534725786
111600,99.99999760772737
