time,vpos
93600,99.72782974297904
97200,99.86391487148948
100800,99.9999999999998
104400,1.869010194014059
108000,-98.13098979818882
111600,-3.823546948663142
115200,92.3529060870798
