time,vpos
97200,99.99997020254467
100800,99.99998510127224
104400,99.99992536269092
108000,96.39300468076326
111600,75.59526303779516
115200,-13.824571158522737
118800,-86.05350975649134
