time,vpos
100800,62.86865695133626
104400,72.0041272824311
108000,72.69780024879407
111600,63.83820165305192
115200,-18.28979972668481
118800,-99.99999993697068
122400,-99.99999999853011
