time,vpos
104400,93.14883015832196
108000,96.57441507583273
111600,99.98712863173995
115200,-0.012639879293330214
118800,-93.40913480904672
122400,-93.40935108922116
126000,-99.99996958907195
