time,vpos
10800,65.74665699895102
14400,80.70972744264667
18000,16.086102352066796
21600,18.249702517147306
25200,97.43701365781702
28800,97.43548650883392
32400,99.99694391853713
