time,vpos
108000,96.27259886717842
111600,88.40542371334811
115200,-9.7308757202411
118800,-99.92509614080456
122400,-99.92203310290964
126000,-51.15289325697251
129600,-2.311912589734844
