time,vpos
111600,88.40994109212218
115200,-5.795029453938444
118800,-99.99999999999524
122400,-99.99999999945412
126000,-75.57904810505381
129600,-22.44101208853116
133200,6.276072034128488
