time,vpos
115200,-99.99987235269651
118800,-99.9915189299846
122400,-99.96497585167553
126000,0.026605645221028373
129600,0.04363666813837486
133200,-82.30315448398581
136800,-64.69358481772791
