time,vpos
118800,-99.99999999726522
122400,-65.74570842076116
126000,-32.79423937217963
129600,-33.13205294854757
133200,-16.843870015693977
136800,-0.7263421384301665
140400,0.06801175753464651
