time,vpos
122400,-99.99999999539538
126000,-99.99999999733372
129600,-92.38572083825473
133200,-72.35816909963613
136800,-47.34965606827664
140400,-25.36201296100441
144000,-15.969610307490397
