time,vpos
126000,-99.99946595670133
129600,-99.99973297815944
133200,-96.48021819968324
136800,-96.48021813691985
140400,-41.55242276724624
144000,-41.305182203900536
147600,-99.5055187473994
