time,vpos
129600,-100.0
133200,-100.0
136800,-99.99999999979204
140400,-99.99999999979204
144000,-99.99905214578413
147600,-51.94105121482732
151200,-3.8839981380863544
