time,vpos
133200,-99.99360014902898
136800,-77.88915034335224
140400,-49.29517379586547
144000,-29.042956470589637
147600,42.3090779073312
151200,58.71977416155744
154800,17.54112662132861
