time,vpos
136800,-99.99997692556495
140400,-99.89566041432343
144000,-95.97954967350209
147600,-90.47981761543244
151200,-45.77194154867264
154800,13.928029251023524
158400,30.608061812449733
