time,vpos
140400,-99.87342663209792
144000,-90.45728526157201
147600,-89.31835423486531
151200,0.785488157489922
154800,69.37467177056816
158400,-30.197150829657453
162000,-99.97710430678686
