time,vpos
14400,53.67552367933119
18000,40.573258404882694
21600,38.07807440235668
25200,74.34257673004544
28800,19.012070384374958
32400,-46.25962705529254
36000,-30.54339709352326
