time,vpos
144000,-99.99806385248846
147600,-99.99902557519376
151200,-99.99999286981797
154800,-0.7409668447216633
158400,35.251085459722646
162000,-64.00744434977112
165600,-99.99899486669396
