time,vpos
147600,-99.99996018282388
151200,-99.99998009136364
154800,-94.76328248069291
158400,-76.23753482345373
162000,-75.77873390181843
165600,-47.995644011671104
169200,-7.382324905130363
