time,vpos
151200,-82.60503203818908
154800,-91.30061409207826
158400,-99.99583037553464
162000,-99.99767086868383
165600,-99.98712795228822
169200,-44.02532406330851
172800,11.923730645693594
