time,vpos
154800,-99.98034731334637
158400,-99.86583335609004
162000,-99.78941549818768
165600,-97.37474718825095
169200,-67.93227721307102
172800,-70.44010113443018
176400,-99.93763062167854
