time,vpos
158400,-99.99999997881008
162000,-91.90452442041995
165600,-91.90452443101489
169200,-99.99999982324736
172800,-99.99984771222732
176400,-43.065165831319156
180000,13.869364115321577
