time,vpos
162000,-99.99999996500244
165600,-97.5661083169063
169200,-97.56599060655304
172800,-95.48179231373553
176400,-59.26234422678998
180000,-7.80762270412639
183600,11.945622962152088
