time,vpos
165600,-99.99978773057899
169200,-99.99989384740273
172800,-99.14774146558771
176400,-88.32284225883684
180000,-36.65966719942365
183600,17.111265154485245
187200,29.19166315709309
