time,vpos
169200,-88.81968969704846
172800,-53.46120857082431
176400,-10.517565362706598
180000,4.238797190850571
183600,2.805839759519647
187200,3.2536405697111763
190800,12.305599282897225
