time,vpos
172800,-53.37806198718516
176400,-18.79790025292316
180000,7.790008607936991
183600,-0.12998537335844232
187200,0.337141895003452
190800,6.249882993090492
194400,11.76775571492206
