time,vpos
176400,20.258180561742282
180000,23.304262577002113
183600,16.457469655905733
187200,7.053599592754131
190800,8.532712767709771
194400,32.496114798266326
198000,55.46940852707186
