time,vpos
18000,99.9994600316291
21600,75.64976428487797
25200,70.4930914432852
28800,53.334604480645886
32400,20.519846313074176
36000,11.288365004341669
39600,-1.4798680046167731
