time,vpos
180000,99.99897749247279
183600,99.99908429197225
187200,99.99959554573414
190800,99.99655600154902
194400,99.0458247715598
198000,2.5574957628826613
201600,-92.98354601425281
