time,vpos
183600,98.0606529989888
187200,-0.9694650082365308
190800,-0.021722584121108834
194400,-0.021853439089852822
198000,-5.6689411270793855e-05
201600,0.9365643062475226
205200,-98.12660273408176
