time,vpos
187200,100.0
190800,0.011725570114334838
194400,-22.85300425320451
198000,34.69525668286859
201600,-42.440002748586274
205200,-99.99997727782616
208800,-99.9999760461049
