time,vpos
190800,-1.4061671213952578
194400,-17.147776453104374
198000,33.555307107593215
201600,75.44459260728831
205200,75.44368077804442
208800,20.757147350919947
212400,-58.48388163967226
