time,vpos
194400,14.608166175994755
198000,15.396178970604327
201600,-27.613336221176375
205200,-85.70543210375959
208800,-99.9999999998908
212400,-99.99999999987918
216000,-99.99999999992929
