time,vpos
198000,68.28285208796106
201600,-15.858573955974942
205200,-99.99999999993689
208800,-99.99820827961443
212400,-99.99820827963298
216000,-99.99984964234501
219600,-99.99969928469005
