time,vpos
201600,-33.43956283491765
205200,-63.95078650487469
208800,-97.23100508741587
212400,-99.99999999999022
216000,-99.99999999999022
219600,-93.27480270459576
223200,-86.54960540919153
