time,vpos
205200,-99.99999482259281
208800,-99.9998511453269
212400,-99.97323081188243
216000,-99.97322208539171
219600,-98.96199498025405
223200,-12.664550362420396
226800,72.59519922058774
