time,vpos
208800,-99.99999999999997
212400,-97.85147763158106
216000,-97.42475755283074
219600,-55.09725867075929
223200,5.340211716530506
226800,10.345426712964917
230400,-1.0375275061504412
