time,vpos
212400,-99.99567441867528
216000,-99.99783720891709
219600,-93.29190454901433
223200,-85.86562668043445
226800,-84.84733561244687
230400,-33.44367768468698
234000,17.65987159352064
