time,vpos
21600,-24.25099444821306
25200,37.87450277492383
28800,41.21070580409744
32400,41.13663568041653
36000,2.1223279682034413
39600,-44.78429619616508
43200,6.038611421961866
