time,vpos
216000,-99.99999999949821
219600,-99.9999999994097
223200,-71.32286789362877
226800,-41.39839878860514
230400,-18.713982282754216
234000,1.2768701082056562
237600,-0.16935700735420905
