time,vpos
219600,-100.0
223200,-99.10189439831423
226800,-63.811212863546544
230400,-33.569595975648355
234000,-21.103899391895848
237600,-3.96400023782678
241200,-3.440756712693941
