time,vpos
223200,-99.99999999999287
226800,-86.48855776728442
230400,-8.760129672269795
234000,21.293205109257354
237600,-12.504679688521053
241200,-15.823188856408809
244800,-19.507464307297155
