time,vpos
226800,-99.99999999999996
230400,-99.9999999999978
234000,-21.00325510883691
237600,34.3268981603589
241200,5.552818270583045
244800,3.769100387574002
248400,7.092870772377872
