time,vpos
230400,-99.99997911643254
234000,-99.98851570981529
237600,-61.310720280022444
241200,-35.2970009300641
244800,-37.915989040378484
248400,-17.99154779633041
252000,-8.100731115185184
