time,vpos
234000,-99.99999999999999
237600,-99.99847586283734
241200,-61.7744557507335
244800,-61.302513808564875
248400,-87.48374758166722
252000,-38.668796798450494
255600,-1.4231662749040035
