time,vpos
237600,-99.99999998903387
241200,-99.95291629836218
244800,-99.95291630326692
248400,-99.99999999421483
252000,-99.99999991219654
255600,-75.51890334593855
259200,-51.037806857070365
