time,vpos
241200,-99.82453499973076
244800,-58.35457884493474
248400,-58.06307919160515
252000,-36.952628199227064
255600,62.668135408735615
259200,99.99999152285378
