time,vpos
25200,99.99999999939321
28800,50.00037048485083
32400,3.1402409005963596
36000,-5.910054471818077
39600,-23.702460823469412
43200,-29.4331029046438
46800,-29.56113393686919
