time,vpos
28800,18.848521353315462
32400,59.42425956235877
36000,81.46259803303255
39600,33.16493546632465
43200,-48.29752904063
46800,-0.018595922195263626
50400,99.96253887485578
