time,vpos
32400,13.610552057049318
36000,26.070653718222896
39600,16.434226921594135
43200,-1.1446352420818109
46800,0.31940927674924036
50400,-4.504458758159142
54000,-6.274705017772181
