time,vpos
0,-2.8791915700479827
3600,14.250109677627295
7200,65.68970545509556
10800,4.805292791901361
14400,3.6174349352934456
18000,72.33128818642524
21600,11.560612823986451
25200,33.37150877482011
28800,90.6600840028451
