time,vpos
3600,-47.30891112949271
7200,20.377895372872803
10800,46.76098460440676
14400,2.147319007811956
18000,41.32163055175525
21600,42.328592930640745
25200,42.982853272670525
28800,81.26244486894508
32400,77.41047863236884
