time,vpos
36000,-5.5681369364187345
39600,-0.4025959361096586
43200,0.47005770517298295
46800,-0.6130361271470354
50400,1.2082183364143864
54000,1.4408260586817843
57600,-41.053971130814325
61200,-63.83106137783551
64800,-42.492207649948185
