time,vpos
39600,-12.352511006577284
43200,-31.578811132274183
46800,-31.04789016441481
50400,3.765382458356268
54000,5.469073297657875
57600,-3.773702332205911
61200,-24.32124663863694
64800,-45.68973694143442
68400,-42.40109787775145
