time,vpos
46800,-23.522200304732163
50400,-61.76109981983401
54000,-99.99822988315998
57600,-99.99823021538741
61200,-2.9729254017611284
64800,97.02705304312482
68400,61.960023429687894
72000,-38.03995501538169
75600,-99.99999999975799
