time,vpos
54000,-95.09079657805502
57600,-97.35619931236553
61200,-60.75510857444113
64800,-20.626519414595915
68400,-59.680927288649876
72000,-38.55356473995967
75600,13.110375942284863
79200,-10.751559435158233
82800,-24.833569384491405
