time,vpos
61200,-71.3758298946835
64800,-82.9788527788618
68400,-73.74640613333148
72000,-29.359935775724672
75600,4.5029525802453385
79200,8.655651525703878
82800,2.077472281265043
86400,-1.323720588113439
90000,-4.305922795666404
