time,vpos
64800,-89.19022594651547
68400,-86.92116195657013
72000,-55.03523628628068
75600,-16.04417593547707
79200,2.3412076818442533
82800,8.395684392954255
86400,-5.3227341743953565
90000,-6.15686039957737
93600,3.7707237068383956
