time,vpos
68400,-99.97402625028457
72000,-6.675919028834909
75600,15.413953079292437
79200,-77.7633673017119
82800,-99.73315390377113
86400,0.11117990461058103
90000,81.58611702058569
93600,33.37646379139409
97200,3.5369085889863197
