time,vpos
7200,33.543019995396264
10800,41.65388725502946
14400,24.843611259893567
18000,31.174634421838732
21600,58.471855876988066
25200,57.82682343191825
28800,55.433303657269526
32400,44.8475868369261
36000,39.96530230772651
