time,vpos
72000,-96.64391539095608
75600,-40.008766796496445
79200,58.31319086512197
82800,0.2004693519385925
86400,-0.31179135598328744
90000,99.48773925723538
93600,32.733044332021656
97200,-63.44922189843965
100800,-92.36453246288887
