time,vpos
75600,75.5449176055437
79200,16.868610258177956
82800,-26.74637316853552
86400,-2.431902576119321
90000,-2.0579010817865395
93600,44.53147686648559
97200,99.99999999609437
100800,0.7875258306139332
104400,-98.424948338772
