time,vpos
79200,30.305958768470404
82800,15.819593553802786
86400,10.993169573060145
90000,15.319934720556589
93600,23.517953928265445
97200,19.94247465207638
100800,48.83116494111335
104400,55.01017913008614
108000,15.193828459695496
