time,vpos
82800,11.619491236455438
86400,13.69803522239825
90000,19.858733679269726
93600,17.49105725750108
97200,23.747316408302748
100800,22.561655830797694
104400,0.7491151393467961
108000,-3.195842706873125
111600,0.7799895173538287
