time,vpos
90000,-96.46050840363596
93600,1.7420724841655355
97200,99.61945457672927
100800,94.9329943051247
104400,66.0610341589241
108000,66.14613589949468
111600,95.15150147291496
115200,69.19664168215554
118800,38.83221672838019
