time,vpos
93600,2.7844646567331752
97200,16.346233653064917
100800,44.55201032574519
104400,51.74064638329898
108000,53.14906892914786
111600,80.96760127622107
115200,-0.038830270657846944
118800,-99.99999995199256
122400,-99.99999990401872
