time,vpos
97200,43.35889999212677
100800,-28.32054571694561
104400,-34.462289205899374
108000,37.22281016669313
111600,-28.314732243867237
115200,-39.722313700091796
118800,-39.72247740447599
122400,-99.99999560538895
126000,-99.99999199510803
