time,vpos
108000,100.0
111600,100.0
115200,84.41890826312715
118800,84.41890826312478
122400,99.99999999843529
126000,89.72367102122074
129600,-10.276326553608184
133200,-0.1075501503227605
136800,99.78489485213701
