time,vpos
111600,99.99999999999535
115200,78.9770674919843
118800,72.55927387698935
122400,66.76155541342783
126000,16.69097323255346
129600,-6.114513629691558
133200,-6.033138115937265
136800,-7.977417357282296
140400,-3.1408341503298782
