time,vpos
122400,-99.99863297355473
126000,-99.99931648677736
129600,-4.325086622181118e-07
133200,99.99999910435322
136800,0.0021046511904321274
140400,-99.99789462819857
144000,-89.64605939990335
147600,10.353940272066586
151200,99.99999985888567
