time,vpos
129600,-99.99999999999997
133200,-55.08211889620266
136800,-3.568218593232993
140400,-17.38706825172225
144000,-24.982936839844072
147600,-14.799010891074433
151200,-58.715790199339764
154800,-49.26194188638084
158400,1.4736114140732481
