time,vpos
136800,-99.9807605961101
140400,-99.99037314117854
144000,-50.00208506979944
147600,-49.99116589502916
151200,-30.36417743864208
154800,69.52623048101955
158400,-0.09866574865772804
162000,-95.4098490388002
165600,-90.8196980776681
