time,vpos
140400,-99.99999999977189
144000,-99.99999999988594
147600,-99.47424034487233
151200,-99.47424034487233
154800,-99.98024890296054
158400,-99.97270751339028
162000,-89.72075425833094
165600,10.271704352037798
169200,99.99999999987797
