time,vpos
14400,62.05994085375169
18000,81.02997042686597
21600,99.99999999998363
25200,99.9999999999935
28800,0.0
32400,-99.99999999999874
36000,1.0547118733938987e-12
39600,6.827871601444713e-12
43200,-99.99999999998592
