time,vpos
144000,-99.99455717491473
147600,-99.99708694470324
151200,-99.9095211957335
154800,-99.89640533645579
158400,-99.59297530486795
162000,-72.64988728036035
165600,-30.3872517833921
169200,42.64472531624165
172800,99.97674525234639
