time,vpos
151200,-99.77139515067688
154800,-99.04154378762466
158400,-98.98844941115831
162000,-99.50857122087405
165600,-75.21953579781456
169200,-72.59741574742556
172800,-97.05180360679915
176400,-99.98011629428774
180000,-99.96432131820309
