time,vpos
154800,99.99999999202362
158400,99.99999999601181
162000,100.0
165600,98.41130144044932
169200,98.41130087326988
172800,99.94083864123905
176400,-0.05906351382891084
180000,-44.348254881590705
183600,11.303295681313397
