time,vpos
162000,-99.99979078545022
165600,-99.99977872793146
169200,-90.09120756626537
172800,-90.0909981375767
176400,-1.823666233579474
180000,21.90810919698848
183600,-45.98633752029049
187200,-20.49937785467211
190800,-1.5618776206627036
