time,vpos
165600,-99.99999818433989
169200,-99.99999909191901
172800,-99.99999933172037
176400,-96.48056513431547
180000,-15.78506271298567
183600,20.25347700507226
187200,-11.527389343375601
190800,0.14402484592513695
194400,2.4587762100289847
