time,vpos
172800,99.99999999999977
176400,0.015925809322836493
180000,-70.98163993616917
183600,-46.30251564268962
187200,-75.18411257018249
190800,-69.77251360810261
194400,1.1042148103393823
198000,-28.740541939417508
201600,-99.47621536974903
