time,vpos
176400,100.0
180000,96.82986128756777
183600,90.64335738355504
187200,92.94603239224692
190800,99.13253629625963
194400,99.98050724723197
198000,99.93078689705396
201600,-0.049720350178006356
205200,-100.0
