time,vpos
18000,55.3324456668962
21600,55.519273383589265
25200,59.81225031542845
28800,31.28936606843918
32400,-10.636610394894745
36000,-10.192119919919955
39600,-6.033012828390887
43200,-40.2271952847476
46800,-68.83905135646008
