time,vpos
180000,-99.00265670957236
183600,-99.07718605112706
187200,-0.35242114189273366
190800,98.35436764517749
194400,95.91689329270585
198000,96.60158885964879
201600,-0.18389560165818497
205200,-99.80133826560215
208800,-99.60363201254337
