time,vpos
183600,-90.56375601595428
187200,-45.46111169565869
190800,42.17096590113761
194400,90.22296286505208
198000,97.87270198365735
201600,49.90575205462359
205200,-50.09418665278741
208800,-99.9999999999794
212400,-99.99999999998566
