time,vpos
187200,-25.404458273865732
190800,-3.291413045296311
194400,32.164169760668194
198000,60.49128385113352
201600,60.65824503212387
205200,-2.1271907980892566
208800,-75.04750558950363
212400,-99.99999986944684
216000,-99.99999985610893
