time,vpos
194400,99.98784256857253
198000,99.65765158604299
201600,31.425737547253362
205200,-65.35258427585701
208800,-93.64955352120592
212400,-28.011188070176996
216000,-31.47622604951956
219600,-8.68790833780126
223200,82.62418328278713
