time,vpos
198000,99.54620609956095
201600,44.43016836811265
205200,-47.917867214987794
208800,-92.57493253328701
212400,-99.99999999987477
216000,-99.99999998044218
219600,-72.74956231804357
223200,1.8743741424921496
226800,49.24787296000254
