time,vpos
205200,-67.45929767110131
208800,-82.73801626228656
212400,-99.00836742665985
216000,-99.99999999958362
219600,-99.97565741828438
223200,-77.14244651418225
226800,-30.651675581219166
230400,-4.7731541037989125
234000,-2.576535236274636
