time,vpos
212400,-99.99772622753926
216000,-99.99883862060976
219600,-99.9998302565087
223200,-96.72234223211125
226800,-55.85193592716671
230400,-39.79777266826641
234000,18.63031335899746
237600,92.53356054281814
241200,86.46984592055662
