time,vpos
21600,20.7153499711571
25200,60.35767498557533
28800,99.99840113301718
32400,0.16719056301914836
36000,-75.27822488488066
39600,-28.933610322937657
43200,-45.25672621555393
46800,-35.8993604330961
50400,11.741539548799162
