time,vpos
219600,-99.99999999999987
223200,-99.99999999984131
226800,-58.59431064452056
230400,-49.769408452658745
234000,2.747311984808781
237600,43.858950166213766
241200,-23.429688392359292
244800,-21.314404477408218
248400,4.103648576753037
