time,vpos
223200,-99.99999999999989
226800,-99.99999999999993
230400,-20.309345131561063
234000,28.996388887097723
237600,-10.949608081811785
241200,-25.085954197717005
244800,-16.954325963514428
248400,-2.8881806118398816
252000,-1.528933491143719
