time,vpos
226800,-99.99999999999999
230400,-0.000989882972363132
234000,-0.0009005447225263197
237600,-69.10048603025305
241200,-7.381018235963076
244800,39.24767934043445
248400,7.0155098329965275
252000,-24.98140068017501
255600,-8.937576610553808
