time,vpos
234000,-100.0
237600,-99.99999985542154
241200,-99.99999985167423
244800,-90.94575377710905
248400,-90.70101116062933
252000,-77.22199325930728
255600,-0.24381062039585122
259200,54.44585051827689
