time,vpos
25200,98.81067681146601
28800,89.78039702943514
32400,25.89187443990275
36000,-24.18637252669884
39600,-35.82629442362435
43200,-30.725202884144576
46800,-4.429686071105194
50400,6.263057493013903
54000,12.181293521398823
