time,vpos
28800,32.24437390323066
32400,9.604636957498073
36000,-11.325324398230224
39600,-10.198494036953672
43200,-4.576587471514483
46800,-0.954058875831494
50400,1.5701222358228812
54000,9.010211044674415
57600,11.343795543387637
