_run_,RExt,_error_,occheff,shgc,tmass
1,4.0,0.8364375877542789,2.0836995296486704,4.608961327935981,50.0
