shgc,tmass,RExt,occheff
0.46089613279359815,1.0,1.0,0.6334798118594682
