shgc,tmass,RExt,occheff,maxHeat,Vi,Tve,maxVent
4.608961327935981,50.0,4.0,2.0836995296486704,2689.0,486.5,21.0,4800.0
